scenario,factor,level,accounting,r_star_primary_grid,r_star_conservative_grid,r_star_probability_grid,r_star_efficiency_grid,crossing_count,material_upward_jumps,competitive_regions,no_competitive_region,competitive_through_upper_bound,interpretable_single_threshold,grid_min,grid_max,grid_points,market_sociality,fit_mean,status_mean,uncertainty_mean,beta_0,beta_individual,beta_social,budget_limit,seed_adopters,network_type,bootstraps,finite_threshold_bootstraps,probability_no_competitive_region,probability_competitive_through_upper_bound,bootstrap_mean_r_star,bootstrap_median_r_star,bootstrap_r_star_p025,bootstrap_r_star_p975,bootstrap_interval_width,r1_00_mean_delta,r1_00_ci95_lower,r1_00_ci95_upper,r1_00_probability_referral_higher,r1_00_probability_referral_not_lower,r1_00_mean_direct_new_adoptions,r1_00_mean_referral_new_adoptions,r1_00_mean_direct_exposures_delivered,r1_00_mean_referral_exposures_delivered,r1_00_mean_direct_adoptions_per_exposure,r1_00_mean_referral_adoptions_per_exposure,r1_20_mean_delta,r1_20_ci95_lower,r1_20_ci95_upper,r1_20_probability_referral_higher,r1_20_probability_referral_not_lower,r1_20_mean_direct_new_adoptions,r1_20_mean_referral_new_adoptions,r1_20_mean_direct_exposures_delivered,r1_20_mean_referral_exposures_delivered,r1_20_mean_direct_adoptions_per_exposure,r1_20_mean_referral_adoptions_per_exposure,classification
P001,main_lhs_profile,profile_001,upfront_expected,1.1,1.05,1.0,1.1,1,0,"[0.25,1.10]",0,0,1,0.25,3.0,16,0.4947916666666667,0.7835937500000001,0.7593750000000001,0.5216145833333333,-1.0104166666666667,2.692708333333333,2.90625,53,4,preferential_attachment,500,500,0.0,0.0,1.0865,1.1,1.05,1.15,0.0999999999999998,0.7075,0.451031646214308,0.963968353785692,0.54,0.735,5.8725,6.58,27.3125,26.705,0.2137057716841592,0.2459760406780211,-0.4425,-0.692885183936326,-0.1921148160636739,0.3375,0.55,5.8725,5.43,27.3125,22.24,0.2137057716841592,0.2428093321538645,finite threshold
P002,main_lhs_profile,profile_002,upfront_expected,,,,,0,0,,1,0,0,0.25,3.0,12,0.8177083333333334,0.42734375,0.240625,0.6908854166666667,0.0104166666666667,4.828125,0.59375,60,2,small_world,500,0,1.0,0.0,,,,,,-2.015,-2.465553251955161,-1.5644467480448392,0.2775,0.3575,20.5525,18.5375,30.475,27.6525,0.6719370172366094,0.6713705369927699,-4.6325,-5.052618516958631,-4.212381483041369,0.1125,0.155,20.5525,15.92,30.475,23.6475,0.6719370172366094,0.6748643629108052,no competitive region
P003,main_lhs_profile,profile_003,upfront_expected,0.95,0.95,0.9,0.95,1,0,"[0.25,0.95]",0,0,1,0.25,3.0,16,0.2135416666666666,0.75078125,0.6031250000000001,0.71796875,-0.3645833333333332,3.838541666666667,0.28125,40,8,ring,500,500,0.0,0.0,0.9581,0.95,0.95,1.0,0.05,-0.145,-0.4645184867952632,0.1745184867952632,0.4375,0.5275,11.7325,11.5875,20.3025,20.22,0.575315496051141,0.5729451168382815,-2.28,-2.583487250412664,-1.9765127495873365,0.17,0.2775,11.7325,9.4525,20.3025,16.725,0.575315496051141,0.5639014979044007,finite threshold
P004,main_lhs_profile,profile_004,upfront_expected,1.45,1.35,1.3,1.45,1,0,"[0.25,1.45]",0,0,1,0.25,3.0,16,0.6302083333333334,0.55859375,0.328125,0.7721354166666665,-0.9270833333333334,5.817708333333333,3.09375,29,2,ring,500,500,0.0,0.0,1.4675,1.45,1.45,1.5,0.05,2.4725,2.2183451344193728,2.7266548655806275,0.775,0.8775,3.9325,6.405,14.745,14.355,0.2661518014135587,0.4441669345259665,1.165,0.9321250122455343,1.3978749877544656,0.6025,0.7875,3.9325,5.0975,14.745,12.005,0.2661518014135587,0.4215475100879513,finite threshold
P005,main_lhs_profile,profile_005,upfront_expected,1.0,1.0,0.5,1.0,1,0,"[0.25,1.00]",0,0,1,0.25,3.0,16,0.328125,0.41796875,0.7468750000000002,0.3861979166666666,-0.0104166666666667,1.9114583333333333,3.90625,10,7,preferential_attachment,500,500,0.0,0.0,1.0131,1.0,1.0,1.1,0.1,0.16,0.0466544015519151,0.2733455984480848,0.3225,0.795,1.5125,1.6725,5.0575,5.035,0.2928601190476193,0.3337539682539683,-0.24,-0.3462428098275578,-0.1337571901724421,0.1825,0.6925,1.5125,1.2725,5.0575,4.055,0.2928601190476193,0.3199136904761904,finite threshold
P006,main_lhs_profile,profile_006,upfront_expected,1.45,1.35,1.0,1.45,1,0,"[0.25,1.45]",0,0,1,0.25,3.0,16,0.6927083333333334,0.47890625,0.640625,0.6502604166666666,-1.21875,5.453125,3.78125,58,7,small_world,500,500,0.0,0.0,1.4442000000000002,1.45,1.35,1.5,0.1499999999999999,1.13,0.9468762746313808,1.313123725368619,0.595,0.8375,1.9675,3.0975,29.675,29.7825,0.0655545231831856,0.1028370276209296,0.545,0.371462522702678,0.7185374772973221,0.48,0.745,1.9675,2.5125,29.675,24.5725,0.0655545231831856,0.1004562147590681,finite threshold
P007,main_lhs_profile,profile_007,upfront_expected,1.0,0.75,0.75,1.0,1,0,"[0.25,1.00]",0,0,1,0.25,3.0,16,0.421875,0.51640625,0.5781250000000001,0.5013020833333333,-1.1145833333333333,5.921875,2.65625,53,6,preferential_attachment,500,500,0.0,0.0,0.9815,1.0,0.75,1.05,0.3,0.21,-0.061670960374263,0.481670960374263,0.455,0.6125,5.765,5.975,26.95,26.6475,0.2124328233039704,0.2238354572945577,-0.8725,-1.1379029380362249,-0.6070970619637754,0.315,0.445,5.765,4.8925,26.95,22.1625,0.2124328233039704,0.2203774648879897,finite threshold
P008,main_lhs_profile,profile_008,upfront_expected,1.05,1.0,0.75,1.05,1,0,"[0.25,1.05]",0,0,1,0.25,3.0,16,0.0989583333333333,0.67109375,0.428125,0.3049479166666666,-0.9895833333333334,2.015625,3.03125,21,4,preferential_attachment,500,500,0.0,0.0,1.0415,1.05,1.0,1.05,0.05,0.2725,0.0964763142462955,0.4485236857537045,0.41,0.7,4.1375,4.41,10.7075,10.83,0.3848808303624481,0.4066496440650853,-0.625,-0.7933674769847749,-0.456632523015225,0.23,0.5075,4.1375,3.5125,10.7075,8.745,0.3848808303624481,0.4010378926628929,finite threshold
P009,main_lhs_profile,profile_009,upfront_expected,1.25,1.0,0.75,1.25,1,0,"[0.25,1.25]",0,0,1,0.25,3.0,16,0.5364583333333334,0.4039062499999999,0.534375,0.51484375,-1.2395833333333333,2.7447916666666665,2.96875,23,2,ring,500,500,0.0,0.0,1.2205,1.25,1.0,1.35,0.3500000000000001,0.535,0.4074890331522012,0.6625109668477989,0.45,0.8325,1.3675,1.9025,11.735,11.735,0.1160880663883761,0.1626399193127136,0.135,0.0219787039959184,0.2480212960040815,0.3225,0.7625,1.3675,1.5025,11.735,9.7,0.1160880663883761,0.1553009490509493,finite threshold
P010,main_lhs_profile,profile_010,upfront_expected,1.15,1.1,1.05,1.15,1,0,"[0.25,1.15]",0,0,1,0.25,3.0,16,0.9010416666666666,0.7742187500000001,0.7656250000000002,0.43359375,-0.4895833333333332,1.703125,1.90625,33,8,preferential_attachment,500,500,0.0,0.0,1.1335,1.15,1.1,1.2,0.0999999999999998,1.04,0.7983873031654357,1.2816126968345642,0.5675,0.7675,5.255,6.295,16.98,16.7175,0.3086574324067747,0.3754631608562278,-0.195,-0.4197585080851681,0.029758508085168,0.395,0.61,5.255,5.06,16.98,13.6975,0.3086574324067747,0.3680861354310461,finite threshold
P011,main_lhs_profile,profile_011,upfront_expected,1.3,1.0,0.75,1.3,1,0,"[0.25,1.30]",0,0,1,0.25,3.0,16,0.9947916666666666,0.6664062500000001,0.6781250000000001,0.29140625,-1.4270833333333333,4.515625,3.71875,26,3,small_world,500,500,0.0,0.0,1.2093,1.3,1.0,1.35,0.3500000000000001,0.5125,0.3725325093941605,0.6524674906058394,0.455,0.775,1.5125,2.025,13.4,13.4475,0.1135489119905723,0.1505144208109574,0.1025,-0.0297629971732916,0.2347629971732915,0.3125,0.6875,1.5125,1.615,13.4,10.7975,0.1135489119905723,0.1480003152484773,finite threshold
P012,main_lhs_profile,profile_012,upfront_expected,1.05,1.0,0.75,1.05,1,0,"[0.25,1.05]",0,0,1,0.25,3.0,16,0.7552083333333334,0.57265625,0.703125,0.2033854166666666,-1.40625,4.255208333333333,3.34375,37,8,ring,500,500,0.0,0.0,1.0695,1.05,1.0,1.15,0.1499999999999999,0.27,0.1114170316254484,0.4285829683745515,0.4175,0.705,2.375,2.645,18.8175,18.5925,0.1264885167221038,0.1411839683767872,-0.25,-0.4012940699581843,-0.0987059300418156,0.3025,0.5975,2.375,2.125,18.8175,15.08,0.1264885167221038,0.1399143591289659,finite threshold
P013,main_lhs_profile,profile_013,upfront_expected,1.0,0.75,0.75,1.0,1,0,"[0.25,1.00]",0,0,1,0.25,3.0,16,0.203125,0.52109375,0.284375,0.6096354166666667,-1.4479166666666667,4.359375,1.46875,24,8,small_world,500,500,0.0,0.0,0.895,1.0,0.75,1.0,0.25,0.02,-0.197523274012924,0.237523274012924,0.3975,0.5825,4.905,4.925,12.445,12.42,0.3904460374506818,0.3942332229603906,-0.9075,-1.1065172944102557,-0.7084827055897444,0.26,0.41,4.905,3.9975,12.445,10.29,0.3904460374506818,0.3861451963069613,finite threshold
P014,main_lhs_profile,profile_014,upfront_expected,1.0,1.0,1.0,1.0,1,0,"[0.25,1.00]",0,0,1,0.25,3.0,16,0.3177083333333333,0.43203125,0.5218750000000001,0.7111979166666667,0.0520833333333332,1.8072916666666667,3.21875,46,2,preferential_attachment,500,500,0.0,0.0,1.0086,1.0,1.0,1.05,0.05,0.5425,0.1794102242569328,0.9055897757430672,0.55,0.66,10.1825,10.725,23.43,22.4025,0.4312079461779142,0.4804035149268584,-1.4175,-1.761807909720898,-1.073192090279102,0.2925,0.4325,10.1825,8.765,23.43,18.795,0.4312079461779142,0.4678694694789552,finite threshold
P015,main_lhs_profile,profile_015,upfront_expected,0.9,0.9,0.9,0.9,1,0,"[0.25,0.90]",0,0,1,0.25,3.0,16,0.5885416666666666,0.68515625,0.253125,0.2169270833333333,-1.03125,3.734375,0.40625,35,4,ring,500,500,0.0,0.0,0.9135,0.9,0.9,0.95,0.0499999999999999,-0.41,-0.7239394359227236,-0.0960605640772763,0.3725,0.5125,11.895,11.485,18.305,17.4675,0.6464339667120274,0.659821916287784,-2.32,-2.623820165897909,-2.0161798341020907,0.1775,0.2625,11.895,9.575,18.305,14.585,0.6464339667120274,0.656870391459619,finite threshold
P016,main_lhs_profile,profile_016,upfront_expected,1.1,1.05,0.75,1.1,1,0,"[0.25,1.10]",0,0,1,0.25,3.0,16,0.4322916666666667,0.36640625,0.596875,0.2372395833333333,-1.0729166666666667,1.4947916666666663,4.03125,25,2,ring,500,500,0.0,0.0,1.1142,1.1,1.05,1.15,0.0999999999999998,0.43,0.2998241822203685,0.5601758177796314,0.385,0.835,2.165,2.595,12.825,12.835,0.1666700364586395,0.2012332355789206,-0.1675,-0.2923661085234226,-0.0426338914765774,0.205,0.6925,2.165,1.9975,12.825,10.22,0.1666700364586395,0.1950190573315574,finite threshold
P017,main_lhs_profile,profile_017,upfront_expected,1.0,0.75,0.75,1.0,1,0,"[0.25,1.00]",0,0,1,0.25,3.0,16,0.984375,0.69453125,0.371875,0.4539062499999999,-0.21875,4.671875,0.65625,14,2,preferential_attachment,500,500,0.0,0.0,0.9588,1.0,0.75,1.0,0.25,0.0975,-0.0962234578728029,0.2912234578728029,0.42,0.6475,4.5475,4.645,7.19,7.0425,0.6316928210678207,0.6603970057720054,-0.86,-1.0425260245332282,-0.6774739754667718,0.225,0.465,4.5475,3.6875,7.19,5.5425,0.6316928210678207,0.6666001984126987,finite threshold
P018,main_lhs_profile,profile_018,upfront_expected,1.2,1.05,0.75,1.2,1,0,"[0.25,1.20]",0,0,1,0.25,3.0,16,0.7864583333333334,0.61484375,0.6218750000000001,0.6164062499999999,-0.7604166666666666,5.661458333333333,2.40625,12,2,ring,500,500,0.0,0.0,1.2,1.2,1.05,1.25,0.1999999999999999,0.375,0.2532598429240489,0.4967401570759511,0.37,0.8025,1.1475,1.5225,6.34,6.2225,0.1803254870129871,0.2411582792207795,0.0775,-0.0388671898029174,0.1938671898029174,0.2825,0.725,1.1475,1.225,6.34,5.1975,0.1803254870129871,0.2319077380952385,finite threshold
P019,main_lhs_profile,profile_019,upfront_expected,0.95,,,0.95,1,0,"[0.25,0.95]",0,0,1,0.25,3.0,16,0.078125,0.36171875,0.734375,0.49453125,-0.1354166666666667,3.890625,5.09375,58,7,preferential_attachment,500,276,0.448,0.0,0.96268115942029,0.95,0.95,1.0,0.05,-0.1375,-0.4021282249047681,0.127128224904768,0.41,0.5675,6.3075,6.17,29.745,29.2325,0.211676631084038,0.2117013701959336,-1.225,-1.489005016993334,-0.9609949830066664,0.275,0.415,6.3075,5.0825,29.745,24.185,0.211676631084038,0.2105138456927106,finite threshold
P020,main_lhs_profile,profile_020,upfront_expected,0.9,0.9,0.9,0.9,1,0,"[0.25,0.90]",0,0,1,0.25,3.0,16,0.1510416666666666,0.51171875,0.271875,0.3658854166666666,-1.3020833333333333,4.203125,2.71875,51,7,small_world,500,500,0.0,0.0,0.9143,0.9,0.9,0.95,0.0499999999999999,-0.5825,-0.943995310188168,-0.221004689811832,0.37,0.4775,12.71,12.1275,26.1625,25.88,0.4845179653527562,0.4695634874121338,-2.795,-3.1510583212148537,-2.438941678785146,0.165,0.27,12.71,9.915,26.1625,21.38,0.4845179653527562,0.4649709530866951,finite threshold
P021,main_lhs_profile,profile_021,upfront_expected,0.95,0.9,0.8,0.95,1,0,"[0.25,0.95]",0,0,1,0.25,3.0,16,0.359375,0.37109375,0.6656250000000001,0.27109375,-0.8645833333333334,4.151041666666667,1.40625,43,8,ring,500,500,0.0,0.0,0.9658,0.95,0.9,1.0,0.0999999999999999,-0.0325,-0.2097011718141809,0.1447011718141809,0.3725,0.62,3.155,3.1225,21.7325,21.8125,0.1461623184570736,0.1432897949503787,-0.6525,-0.8174699578656496,-0.4875300421343503,0.25,0.4725,3.155,2.5025,21.7325,17.7475,0.1461623184570736,0.1406248392066311,finite threshold
P022,main_lhs_profile,profile_022,upfront_expected,1.4,1.35,1.3,1.4,1,0,"[0.25,1.40]",0,0,1,0.25,3.0,16,0.8489583333333334,0.6898437500000001,0.565625,0.4809895833333333,-0.4479166666666667,5.765625,4.53125,34,4,ring,500,500,0.0,0.0,1.3892,1.4,1.35,1.45,0.0999999999999998,2.525,2.215734184655117,2.834265815344883,0.7375,0.84,4.6675,7.1925,17.2575,16.6975,0.2661815859337154,0.4281690693217062,1.0225,0.7346359793453505,1.3103640206546494,0.565,0.7025,4.6675,5.69,17.2575,13.9025,0.2661815859337154,0.4063115169788932,finite threshold
P023,main_lhs_profile,profile_023,upfront_expected,1.0,1.0,0.75,1.0,1,0,"[0.25,1.00]",0,0,1,0.25,3.0,16,0.1302083333333333,0.46484375,0.309375,0.6028645833333333,-0.1770833333333332,3.005208333333333,5.78125,40,7,preferential_attachment,500,500,0.0,0.0,0.9969,1.0,1.0,1.05,0.05,0.385,0.0382736991029284,0.7317263008970716,0.47,0.6,11.7625,12.1475,20.6075,19.755,0.5700087595134086,0.6151197916208924,-1.84,-2.1821509229800653,-1.4978490770199346,0.2625,0.3525,11.7625,9.9225,20.6075,16.4375,0.5700087595134086,0.6027931963038342,finite threshold
P024,main_lhs_profile,profile_024,upfront_expected,1.0,0.75,0.5,1.0,1,0,"[0.25,1.00]",0,0,1,0.25,3.0,16,0.4114583333333333,0.3757812499999999,0.6531250000000002,0.2236979166666666,-0.34375,2.067708333333333,5.90625,10,3,preferential_attachment,500,500,0.0,0.0,0.9455,1.0,0.75,1.0,0.25,0.0375,-0.0630963840029605,0.1380963840029605,0.295,0.735,1.33,1.3675,5.31,5.1475,0.2561994047619051,0.2726041666666668,-0.2275,-0.3244235990255046,-0.1305764009744954,0.2,0.645,1.33,1.1025,5.31,4.145,0.2561994047619051,0.2705267857142858,finite threshold
P025,main_lhs_profile,profile_025,upfront_expected,1.7,1.25,0.5,1.7,1,0,"[0.25,1.70]",0,0,1,0.25,3.0,16,0.7135416666666666,0.59140625,0.721875,0.5690104166666666,-1.3229166666666667,3.161458333333333,4.65625,12,5,preferential_attachment,500,500,0.0,0.0,1.6405,1.7,1.25,2.0,0.75,0.1925,0.1335911705899695,0.2514088294100304,0.235,0.9325,0.33,0.5225,6.285,6.1025,0.0513919552669552,0.0811344696969696,0.1225,0.0659212450589036,0.1790787549410963,0.1875,0.915,0.33,0.4525,6.285,5.1475,0.0513919552669552,0.0841230158730158,finite threshold
P026,main_lhs_profile,profile_026,upfront_expected,,,,,0,0,,1,0,0,0.25,3.0,12,0.5989583333333334,0.79296875,0.5281250000000001,0.6638020833333332,0.1770833333333332,2.796875,1.53125,51,1,small_world,500,205,0.59,0.0,0.75,0.75,0.75,0.75,0.0,-1.4125,-1.7851314997693457,-1.0398685002306547,0.2875,0.4125,16.985,15.5725,26.125,22.6525,0.6475891905660219,0.6902329945812555,-3.6275,-3.993041527075268,-3.261958472924732,0.125,0.1875,16.985,13.3575,26.125,19.5525,0.6475891905660219,0.6863511620936401,no competitive region
P027,main_lhs_profile,profile_027,upfront_expected,1.0,0.75,0.75,1.0,1,0,"[0.25,1.00]",0,0,1,0.25,3.0,16,0.6614583333333334,0.45078125,0.5093750000000001,0.5825520833333333,-0.3229166666666667,3.3697916666666665,0.21875,27,6,ring,500,500,0.0,0.0,0.9922,1.0,0.75,1.0,0.25,0.195,-0.0038486618665459,0.393848661866546,0.4275,0.6575,5.84,6.035,13.84,13.8025,0.4204748899943371,0.4403653239927426,-0.985,-1.1833105015457084,-0.7866894984542916,0.2125,0.435,5.84,4.855,13.84,11.24,0.4204748899943371,0.4333580344126974,finite threshold
P028,main_lhs_profile,profile_028,upfront_expected,1.2,1.1,1.0,1.2,1,0,"[0.25,1.20]",0,0,1,0.25,3.0,16,0.4427083333333333,0.3992187499999999,0.7156250000000002,0.8059895833333333,-0.15625,1.078125,2.84375,16,5,ring,500,500,0.0,0.0,1.185,1.2,1.1,1.2,0.0999999999999998,0.71,0.5652624858930986,0.8547375141069014,0.5,0.8575,2.1625,2.8725,8.285,8.2675,0.2575119741369744,0.3461155025530025,0.0675,-0.0646155107096613,0.1996155107096613,0.3225,0.7075,2.1625,2.23,8.285,6.6825,0.2575119741369744,0.3313263888888889,finite threshold
P029,main_lhs_profile,profile_029,upfront_expected,,,,,0,0,,1,0,0,0.25,3.0,12,0.296875,0.70859375,0.6343750000000001,0.65703125,0.2604166666666667,1.2864583333333333,0.03125,56,2,small_world,500,0,1.0,0.0,,,,,,-1.87,-2.2800950034370424,-1.4599049965629578,0.28,0.37,19.83,17.96,28.39,26.4075,0.697705310104165,0.680828174541502,-4.835,-5.222021762465453,-4.447978237534547,0.0775,0.1275,19.83,14.995,28.39,22.1775,0.697705310104165,0.6768775550286604,no competitive region
P030,main_lhs_profile,profile_030,upfront_expected,1.15,1.05,0.75,1.15,1,0,"[0.25,1.15]",0,0,1,0.25,3.0,16,0.2552083333333333,0.3523437499999999,0.546875,0.7518229166666666,-1.15625,5.401041666666667,5.96875,35,6,preferential_attachment,500,500,0.0,0.0,1.1565,1.15,1.05,1.25,0.1999999999999999,0.3225,0.1900006393317726,0.4549993606682273,0.425,0.76,1.47,1.7925,17.9875,17.76,0.0811212925191885,0.1010924884062859,-0.03,-0.162884139550014,0.102884139550014,0.3225,0.6775,1.47,1.44,17.9875,14.7225,0.0811212925191885,0.097126983145517,finite threshold
P031,main_lhs_profile,profile_031,upfront_expected,1.3,1.3,1.3,1.3,1,0,"[0.25,1.30]",0,0,1,0.25,3.0,16,0.9739583333333334,0.72265625,0.346875,0.7450520833333332,0.15625,5.505208333333333,3.40625,39,6,preferential_attachment,500,500,0.0,0.0,1.304,1.3,1.3,1.35,0.05,3.58,3.218100011000164,3.941899988999837,0.7875,0.8475,8.1525,11.7325,20.0,19.6325,0.4058513725747129,0.5949506148336652,1.0875,0.7363854838714163,1.4386145161285837,0.58,0.6775,8.1525,9.24,20.0,16.34,0.4058513725747129,0.56265203158209,finite threshold
P032,main_lhs_profile,profile_032,upfront_expected,0.95,0.9,0.9,0.95,1,0,"[0.25,0.95]",0,0,1,0.25,3.0,16,0.0885416666666666,0.42265625,0.365625,0.55546875,0.1979166666666667,4.880208333333333,5.15625,41,8,ring,500,500,0.0,0.0,0.9441,0.95,0.9,0.95,0.0499999999999999,-0.42,-0.7780217371874647,-0.0619782628125352,0.3975,0.515,13.445,13.025,21.045,20.4225,0.6362701180732604,0.6395818561608695,-2.6225,-2.9675313788670827,-2.2774686211329174,0.19,0.275,13.445,10.8225,21.045,17.13,0.6362701180732604,0.6323484892809627,finite threshold
P033,main_lhs_profile,profile_033,upfront_expected,1.05,1.0,1.0,1.05,1,0,"[0.25,1.05]",0,0,1,0.25,3.0,16,0.390625,0.50703125,0.5531250000000001,0.53515625,-0.03125,2.171875,4.15625,56,7,small_world,500,500,0.0,0.0,1.0485,1.05,1.0,1.05,0.05,1.14,0.7588358743320047,1.521164125667995,0.555,0.66,12.49,13.63,28.5525,28.01,0.4351154527180636,0.4872370798728448,-1.5575,-1.9298646361805551,-1.185135363819445,0.3075,0.405,12.49,10.9325,28.5525,23.13,0.4351154527180636,0.4728558786957525,finite threshold
P034,main_lhs_profile,profile_034,upfront_expected,1.05,1.05,1.0,1.05,1,0,"[0.25,1.05]",0,0,1,0.25,3.0,16,0.796875,0.48359375,0.246875,0.6299479166666666,-1.28125,5.609375,1.03125,36,7,ring,500,500,0.0,0.0,1.0532,1.05,1.05,1.1,0.05,0.7,0.4647142822653639,0.935285717734636,0.5325,0.6975,6.655,7.355,18.495,18.4575,0.3579734363266206,0.3996949540129674,-0.5525,-0.7871145798676114,-0.3178854201323886,0.3325,0.5,6.655,6.1025,18.495,15.4475,0.3579734363266206,0.3947771467354605,finite threshold
P035,main_lhs_profile,profile_035,upfront_expected,0.95,0.9,0.9,0.95,1,0,"[0.25,0.95]",0,0,1,0.25,3.0,16,0.2447916666666666,0.7601562500000001,0.421875,0.7247395833333332,-0.3020833333333332,4.411458333333333,1.28125,33,2,small_world,500,500,0.0,0.0,0.95,0.95,0.9,1.0,0.0999999999999999,-0.1875,-0.4974339211469617,0.1224339211469617,0.41,0.5475,11.99,11.8025,16.63,16.1875,0.7175989957498783,0.7290739835742691,-2.35,-2.6494296385469984,-2.0505703614530018,0.1625,0.2525,11.99,9.64,16.63,13.3725,0.7175989957498783,0.721051558456163,finite threshold
P036,main_lhs_profile,profile_036,upfront_expected,0.9,0.9,0.8,0.9,1,0,"[0.25,0.90]",0,0,1,0.25,3.0,16,0.0677083333333333,0.68046875,0.6968750000000001,0.3523437499999999,0.40625,4.046875,2.21875,9,6,small_world,500,500,0.0,0.0,0.9424,0.9,0.9,1.0,0.0999999999999999,-0.02,-0.1648605209859231,0.1248605209859231,0.345,0.64,2.685,2.665,4.6175,4.6325,0.5743184523809524,0.5731071428571428,-0.5725,-0.7057691620359678,-0.4392308379640321,0.2125,0.4725,2.685,2.1125,4.6175,3.6,0.5743184523809524,0.582577380952381,finite threshold
P037,main_lhs_profile,profile_037,upfront_expected,1.45,1.3,1.3,1.45,1,0,"[0.25,1.45]",0,0,1,0.25,3.0,16,0.6197916666666666,0.61015625,0.359375,0.8195312499999998,-0.40625,5.192708333333333,3.84375,28,5,ring,500,500,0.0,0.0,1.4257,1.45,1.4,1.45,0.05,2.5675,2.286516822018862,2.8484831779811377,0.7575,0.865,4.3775,6.945,14.33,14.1375,0.3021587634179546,0.4873222895310742,1.165,0.8994786250777114,1.4305213749222887,0.5775,0.7375,4.3775,5.5425,14.33,11.75,0.3021587634179546,0.4667928350244527,finite threshold
P038,main_lhs_profile,profile_038,upfront_expected,1.0,0.75,0.75,1.0,1,0,"[0.25,1.00]",0,0,1,0.25,3.0,16,0.2760416666666667,0.59609375,0.5593750000000001,0.8127604166666667,-0.5520833333333334,4.619791666666667,0.34375,8,7,preferential_attachment,500,500,0.0,0.0,0.9788,1.0,0.75,1.0,0.25,0.0875,-0.038150111305848,0.213150111305848,0.335,0.6975,1.655,1.7425,4.0675,4.12,0.3990892857142857,0.4139404761904764,-0.355,-0.4735183422552511,-0.2364816577447488,0.2075,0.5675,1.655,1.3,4.0675,3.085,0.3990892857142857,0.4054166666666667,finite threshold
P039,main_lhs_profile,profile_039,upfront_expected,1.5,1.25,1.0,1.5,1,0,"[0.25,1.50]",0,0,1,0.25,3.0,16,0.484375,0.58203125,0.7281250000000001,0.6231770833333332,-0.0520833333333332,2.640625,5.46875,18,7,small_world,500,500,0.0,0.0,1.3969,1.5,1.25,1.6,0.3500000000000001,0.985,0.8312668630877332,1.1387331369122669,0.6125,0.8725,1.7775,2.7625,9.095,9.395,0.1956421009546013,0.2924106657231659,0.4975,0.3618944026187592,0.6331055973812407,0.5025,0.7925,1.7775,2.275,9.095,7.8925,0.1956421009546013,0.2862833000333004,finite threshold
P040,main_lhs_profile,profile_040,upfront_expected,1.3,1.0,1.0,1.3,1,0,"[0.25,1.30]",0,0,1,0.25,3.0,16,0.546875,0.7039062500000001,0.415625,0.5893229166666667,-0.5729166666666666,4.723958333333333,5.59375,13,4,small_world,500,500,0.0,0.0,1.2676,1.3,1.0,1.3,0.3,0.755,0.6039455494232826,0.9060544505767174,0.56,0.8125,2.1075,2.8625,6.6175,6.49,0.3204852994227997,0.4423587662337662,0.095,-0.0453498020804954,0.2353498020804954,0.3725,0.69,2.1075,2.2025,6.6175,5.035,0.3204852994227997,0.4357301587301584,finite threshold
P041,main_lhs_profile,profile_041,upfront_expected,1.15,1.1,1.1,1.15,1,0,"[0.25,1.15]",0,0,1,0.25,3.0,16,0.7239583333333334,0.7367187500000001,0.7718750000000001,0.6841145833333333,-0.46875,2.328125,2.09375,48,3,preferential_attachment,500,500,0.0,0.0,1.1452,1.15,1.1,1.2,0.0999999999999998,1.4175,1.132979869994137,1.702020130005863,0.63,0.7775,6.6025,8.02,24.7125,24.095,0.2653259601584916,0.3328912272854533,-0.1,-0.3897476255422992,0.1897476255422992,0.4425,0.6075,6.6025,6.5025,24.7125,20.1925,0.2653259601584916,0.3221785957653558,finite threshold
P042,main_lhs_profile,profile_042,upfront_expected,1.0,1.0,0.75,1.0,1,0,"[0.25,1.00]",0,0,1,0.25,3.0,16,0.734375,0.3804687499999999,0.453125,0.3455729166666667,0.4270833333333332,2.536458333333333,1.34375,22,7,ring,500,500,0.0,0.0,0.999,1.0,1.0,1.0,0.0,0.275,0.0459475240378067,0.5040524759621934,0.4525,0.6525,6.5375,6.8125,11.42,11.29,0.5696982219169717,0.6032602730194635,-0.9275,-1.1527990619465656,-0.7022009380534343,0.24,0.445,6.5375,5.61,11.42,9.3375,0.5696982219169717,0.5998545066045063,finite threshold
P043,main_lhs_profile,profile_043,upfront_expected,1.0,0.75,0.75,1.0,1,0,"[0.25,1.00]",0,0,1,0.25,3.0,16,0.1197916666666666,0.38515625,0.290625,0.2778645833333333,-0.2604166666666667,3.421875,5.34375,32,5,preferential_attachment,500,500,0.0,0.0,0.945,1.0,0.75,1.0,0.25,0.1275,-0.1679441116654649,0.4229441116654649,0.4675,0.5975,9.2025,9.33,16.495,16.29,0.5553347076171309,0.5709136508808521,-1.7075,-1.9958644300046748,-1.4191355699953252,0.215,0.3375,9.2025,7.495,16.495,13.2525,0.5553347076171309,0.5640529884954222,finite threshold
P044,main_lhs_profile,profile_044,upfront_expected,,,,,0,0,,1,0,0,0.25,3.0,12,0.046875,0.52578125,0.215625,0.5419270833333333,-0.65625,5.973958333333333,5.71875,59,2,preferential_attachment,500,0,1.0,0.0,,,,,,-2.48,-2.945320845716536,-2.014679154283464,0.255,0.32,24.17,21.69,30.2825,28.025,0.7963344719805566,0.7748189682155643,-5.9225,-6.3517887981283625,-5.493211201871638,0.0725,0.11,24.17,18.2475,30.2825,23.6625,0.7963344719805566,0.7723268299706281,no competitive region
P045,main_lhs_profile,profile_045,upfront_expected,1.0,1.0,0.75,1.0,1,0,"[0.25,1.00]",0,0,1,0.25,3.0,16,0.3489583333333333,0.75546875,0.221875,0.4065104166666666,0.1145833333333332,1.859375,2.53125,15,4,small_world,500,500,0.0,0.0,1.0107000000000002,1.0,1.0,1.05,0.05,0.315,0.1076471245681944,0.5223528754318055,0.4325,0.665,5.3675,5.6825,7.7025,7.68,0.6896401376401381,0.7354915639915641,-0.855,-1.0433302055252942,-0.6666697944747056,0.24,0.4375,5.3675,4.5125,7.7025,6.1725,0.6896401376401381,0.7263788780663784,finite threshold
P046,main_lhs_profile,profile_046,upfront_expected,1.4,1.3,1.0,1.4,1,0,"[0.25,1.40]",0,0,1,0.25,3.0,16,0.515625,0.71796875,0.409375,0.4742187499999999,-1.09375,1.3385416666666663,5.84375,17,1,small_world,500,500,0.0,0.0,1.4224,1.4,1.3,1.5,0.1999999999999999,0.835,0.7001854524962672,0.9698145475037327,0.5025,0.8925,1.3525,2.1875,8.865,8.8425,0.1526790084915087,0.2448414710289713,0.3925,0.2768819106599472,0.5081180893400529,0.3725,0.82,1.3525,1.745,8.865,7.2875,0.1526790084915087,0.237908216783217,finite threshold
P047,main_lhs_profile,profile_047,upfront_expected,1.75,1.5,1.25,1.75,1,0,"[0.25,1.75]",0,0,1,0.25,3.0,16,0.921875,0.76484375,0.315625,0.73828125,0.1354166666666667,3.317708333333333,4.90625,16,7,small_world,500,500,0.0,0.0,1.7715,1.75,1.5,2.0,0.5,1.71,1.5305191483453515,1.8894808516546484,0.7375,0.9275,1.6275,3.3375,8.1925,8.1875,0.197792117604618,0.4029934648684648,1.005,0.8436223930844112,1.1663776069155884,0.6,0.8525,1.6275,2.6325,8.1925,6.6925,0.197792117604618,0.3852512626262629,finite threshold
P048,main_lhs_profile,profile_048,upfront_expected,1.15,1.05,1.0,1.15,1,0,"[0.25,1.15]",0,0,1,0.25,3.0,16,0.7447916666666666,0.41328125,0.471875,0.23046875,-0.8854166666666666,5.713541666666667,3.96875,50,2,ring,500,500,0.0,0.0,1.1283,1.15,1.05,1.2,0.1499999999999999,0.755,0.4691837435099557,1.0408162564900445,0.5225,0.6725,5.7525,6.5075,25.87,24.9875,0.2223171150995949,0.2642827784214769,-0.245,-0.520088367183825,0.030088367183825,0.4125,0.535,5.7525,5.5075,25.87,20.665,0.2223171150995949,0.2687382952523259,finite threshold
P049,main_lhs_profile,profile_049,upfront_expected,0.9,0.9,0.9,0.9,1,0,"[0.25,0.90]",0,0,1,0.25,3.0,16,0.609375,0.6195312500000001,0.5906250000000001,0.6434895833333333,0.3229166666666667,3.0572916666666665,0.71875,52,3,ring,500,500,0.0,0.0,0.9143,0.9,0.9,0.95,0.0499999999999999,-0.5975,-0.9856733046546424,-0.2093266953453577,0.395,0.5,17.19,16.5925,26.3875,24.3125,0.6495841733423465,0.6849886699339878,-3.065,-3.4318171170595586,-2.6981828829404413,0.1675,0.2425,17.19,14.125,26.3875,20.805,0.6495841733423465,0.6809526679174998,finite threshold
P050,main_lhs_profile,profile_050,upfront_expected,1.05,1.05,1.05,1.05,1,0,"[0.25,1.05]",0,0,1,0.25,3.0,16,0.265625,0.62890625,0.503125,0.63671875,-0.6979166666666666,3.630208333333333,3.53125,52,5,ring,500,500,0.0,0.0,1.0683,1.05,1.05,1.1,0.05,1.07,0.7230887475822791,1.416911252417721,0.6125,0.7075,11.1025,12.1725,26.5575,25.7275,0.41617312503693,0.4755751029342331,-0.985,-1.3203349976445868,-0.6496650023554131,0.3475,0.4625,11.1025,10.1175,26.5575,21.7725,0.41617312503693,0.4660521821817843,finite threshold
P051,main_lhs_profile,profile_051,upfront_expected,1.05,1.0,0.75,1.05,1,0,"[0.25,1.05]",0,0,1,0.25,3.0,16,0.3697916666666667,0.54921875,0.7781250000000002,0.4268229166666666,-0.9479166666666666,2.380208333333333,3.65625,49,3,preferential_attachment,500,500,0.0,0.0,1.0488,1.05,1.0,1.1,0.1,0.38,0.18094264801427,0.5790573519857299,0.44,0.725,4.1625,4.5425,25.11,24.9325,0.1653358558475583,0.1820080468879891,-0.43,-0.6242720021891834,-0.2357279978108165,0.29,0.565,4.1625,3.7325,25.11,20.48,0.1653358558475583,0.1827212816661829,finite threshold
P052,main_lhs_profile,profile_052,upfront_expected,1.05,1.0,0.75,1.05,1,0,"[0.25,1.05]",0,0,1,0.25,3.0,16,0.234375,0.53984375,0.7093750000000001,0.39296875,0.4479166666666667,1.1302083333333333,4.21875,14,4,small_world,500,500,0.0,0.0,1.0364,1.05,1.0,1.05,0.05,0.355,0.1896735169317706,0.5203264830682294,0.425,0.71,3.7625,4.1175,7.08,7.175,0.528301316738817,0.5652809343434341,-0.605,-0.7651499161528221,-0.4448500838471778,0.205,0.5,3.7625,3.1575,7.08,5.71,0.528301316738817,0.5408141233766235,finite threshold
P053,main_lhs_profile,profile_053,upfront_expected,1.4,1.0,,1.4,1,0,"[0.25,1.40]",0,0,1,0.25,3.0,16,0.5677083333333334,0.57734375,0.609375,0.5757812499999999,-1.3854166666666667,3.526041666666667,5.03125,54,1,preferential_attachment,500,500,0.0,0.0,1.3761,1.4,1.0,1.5,0.5,0.4075,0.2352581167350625,0.5797418832649375,0.46,0.7075,1.9325,2.34,27.4025,22.27,0.0703771542136359,0.0944765460029623,0.195,0.0346097965133259,0.355390203486674,0.4175,0.6775,1.9325,2.1275,27.4025,20.5025,0.0703771542136359,0.0956994898529967,finite threshold
P054,main_lhs_profile,profile_054,upfront_expected,1.35,1.3,1.0,1.35,1,0,"[0.25,1.35]",0,0,1,0.25,3.0,16,0.8802083333333334,0.65234375,0.203125,0.4403645833333333,-0.8229166666666666,1.1822916666666667,5.65625,25,6,small_world,500,500,0.0,0.0,1.3736000000000002,1.35,1.3,1.45,0.1499999999999999,1.1075,0.9403788955553052,1.2746211044446945,0.6175,0.8675,1.83,2.9375,12.8625,12.6275,0.1410085812772541,0.2301027738493878,0.375,0.2157422992756229,0.5342577007243771,0.4525,0.745,1.83,2.205,12.8625,10.1225,0.1410085812772541,0.2159726072538574,finite threshold
P055,main_lhs_profile,profile_055,upfront_expected,0.9,,,0.9,1,0,"[0.25,0.90]",0,0,1,0.25,3.0,16,0.3385416666666667,0.79765625,0.265625,0.7044270833333333,-0.6354166666666666,3.578125,0.90625,55,6,small_world,500,461,0.078,0.0,0.9002169197396963,0.9,0.9,0.9,0.0,-1.2775,-1.7139505945959093,-0.8410494054040909,0.3525,0.445,21.5625,20.285,28.1125,27.28,0.7653919167933368,0.7446087178367311,-5.05,-5.491462397113179,-4.608537602886821,0.11,0.1525,21.5625,16.5125,28.1125,22.5875,0.7653919167933368,0.7320385954780312,finite threshold
P056,main_lhs_profile,profile_056,upfront_expected,1.0,0.75,0.5,1.0,1,0,"[0.25,1.00]",0,0,1,0.25,3.0,16,0.3802083333333333,0.76953125,0.459375,0.7924479166666667,-0.8020833333333334,1.9635416666666667,0.15625,9,8,preferential_attachment,500,500,0.0,0.0,0.9622,1.0,0.75,1.0,0.25,0.06,-0.0530053226924013,0.1730053226924013,0.28,0.73,1.9025,1.9625,4.6225,4.5475,0.4116666666666667,0.4258630952380953,-0.4,-0.507933019852759,-0.292066980147241,0.1525,0.5725,1.9025,1.5025,4.6225,3.51,0.4116666666666667,0.4190773809523812,finite threshold
P057,main_lhs_profile,profile_057,upfront_expected,1.05,1.0,0.75,1.05,1,0,"[0.25,1.05]",0,0,1,0.25,3.0,16,0.5260416666666666,0.67578125,0.5843750000000001,0.31171875,-0.84375,1.5989583333333337,4.59375,13,2,preferential_attachment,500,500,0.0,0.0,1.0729000000000002,1.05,1.0,1.15,0.1499999999999999,0.24,0.1335308813703824,0.3464691186296175,0.3575,0.8325,1.465,1.705,6.8025,6.6125,0.2165514971139973,0.2600969516594519,-0.135,-0.2375246312352946,-0.0324753687647053,0.2275,0.71,1.465,1.33,6.8025,5.1125,0.2165514971139973,0.2639831349206354,finite threshold
P058,main_lhs_profile,profile_058,upfront_expected,1.05,1.0,1.0,1.05,1,0,"[0.25,1.05]",0,0,1,0.25,3.0,16,0.578125,0.66171875,0.440625,0.7653645833333333,-1.2604166666666667,4.098958333333333,0.84375,42,5,preferential_attachment,500,500,0.0,0.0,1.0533,1.05,1.0,1.1,0.1,0.7075,0.4148274000850184,1.0001725999149818,0.515,0.67,7.36,8.0675,21.59,21.3125,0.3393152362966801,0.3788953781602959,-0.805,-1.0845495177243365,-0.5254504822756638,0.33,0.485,7.36,6.555,21.59,17.835,0.3393152362966801,0.3688969214288303,finite threshold
P059,main_lhs_profile,profile_059,upfront_expected,1.4,1.35,1.0,1.4,1,0,"[0.25,1.40]",0,0,1,0.25,3.0,16,0.703125,0.78828125,0.259375,0.6705729166666666,0.28125,1.0260416666666667,5.40625,23,4,preferential_attachment,500,500,0.0,0.0,1.3933,1.4,1.35,1.5,0.1499999999999999,1.7025,1.4911639738708606,1.9138360261291392,0.72,0.87,2.985,4.6875,12.015,11.815,0.2489790878411235,0.3959001101345339,0.7275,0.5340189727754802,0.92098102722452,0.535,0.76,2.985,3.7125,12.015,9.7625,0.2489790878411235,0.3795318396880901,finite threshold
P060,main_lhs_profile,profile_060,upfront_expected,1.1,1.1,1.05,1.1,1,0,"[0.25,1.10]",0,0,1,0.25,3.0,16,0.4739583333333333,0.60078125,0.209375,0.4674479166666666,-0.96875,1.4427083333333337,2.28125,44,5,ring,500,500,0.0,0.0,1.1088,1.1,1.1,1.15,0.0499999999999998,1.19,0.90733508326017,1.4726649167398298,0.6075,0.745,7.815,9.005,22.445,22.25,0.3470302455434598,0.4033909962110642,-0.5925,-0.8548967832596295,-0.3301032167403706,0.365,0.535,7.815,7.2225,22.445,18.23,0.3470302455434598,0.3938373823627681,finite threshold
P061,main_lhs_profile,profile_061,upfront_expected,1.0,1.0,0.75,1.0,1,0,"[0.25,1.00]",0,0,1,0.25,3.0,16,0.8697916666666666,0.53515625,0.6156250000000001,0.37265625,0.2395833333333332,2.4322916666666665,0.46875,15,7,preferential_attachment,500,500,0.0,0.0,1.0205,1.0,1.0,1.05,0.05,0.3225,0.1359800470975603,0.5090199529024396,0.4475,0.675,4.0675,4.39,7.6425,7.5825,0.5291331585081583,0.5730621392496392,-0.6775,-0.8566477944458223,-0.4983522055541777,0.24,0.505,4.0675,3.39,7.6425,6.0575,0.5291331585081583,0.5544277597402598,finite threshold
P062,main_lhs_profile,profile_062,upfront_expected,1.05,1.0,,1.05,1,0,"[0.25,1.05]",0,0,1,0.25,3.0,16,0.2864583333333333,0.43671875,0.515625,0.4877604166666666,-1.3645833333333333,4.463541666666667,2.46875,59,5,ring,500,500,0.0,0.0,1.0381000000000002,1.05,1.0,1.05,0.05,0.3475,0.1066187444102635,0.5883812555897364,0.46,0.645,5.3025,5.65,30.3325,30.1175,0.1748540884600933,0.1881601347220065,-0.6275,-0.8567492887925626,-0.3982507112074372,0.3075,0.4925,5.3025,4.675,30.3325,24.99,0.1748540884600933,0.1875812590473673,finite threshold
P063,main_lhs_profile,profile_063,upfront_expected,1.05,1.0,1.0,1.05,1,0,"[0.25,1.05]",0,0,1,0.25,3.0,16,0.640625,0.4929687499999999,0.5406250000000001,0.3184895833333333,0.4895833333333332,2.2760416666666665,3.28125,41,3,preferential_attachment,500,500,0.0,0.0,1.0277,1.05,1.0,1.05,0.05,0.73,0.3358383308944944,1.1241616691055056,0.5475,0.645,11.615,12.345,20.9,20.0125,0.5541039614433587,0.6173524040488283,-1.5225,-1.9006730453612504,-1.1443269546387491,0.295,0.3925,11.615,10.0925,20.9,16.735,0.5541039614433587,0.6039475497104635,finite threshold
P064,main_lhs_profile,profile_064,upfront_expected,0.85,0.8,0.8,0.85,1,0,"[0.25,0.85]",0,0,1,0.25,3.0,16,0.015625,0.46015625,0.434375,0.2643229166666667,0.46875,5.348958333333333,4.46875,39,2,ring,500,500,0.0,0.0,0.8541,0.85,0.8,0.9,0.0999999999999999,-1.2,-1.552962674334182,-0.8470373256658179,0.31,0.4275,13.6625,12.4625,19.99,18.505,0.6817831887247243,0.6786784661927815,-3.1,-3.4325995501746505,-2.7674004498253497,0.13,0.2325,13.6625,10.5625,19.99,15.66,0.6817831887247243,0.678091325571517,finite threshold
P065,main_lhs_profile,profile_065,upfront_expected,2.5,2.25,1.25,2.5,1,0,"[0.25,2.50]",0,0,1,0.25,3.0,16,0.8385416666666666,0.60546875,0.659375,0.7856770833333333,-0.53125,2.223958333333333,4.71875,28,1,small_world,500,500,0.0,0.054,2.6165,2.75,2.25,3.0,0.75,1.8475,1.6632978850633031,2.0317021149366967,0.72,0.97,0.6725,2.52,14.395,14.185,0.0474275306199648,0.1758472832529529,1.3025,1.1308306097423122,1.4741693902576878,0.58,0.9275,0.6725,1.975,14.395,11.67,0.0474275306199648,0.1656221601111309,finite threshold
P066,main_lhs_profile,profile_066,upfront_expected,1.4,1.3,1.0,1.4,1,0,"[0.25,1.40]",0,0,1,0.25,3.0,16,0.7760416666666666,0.63828125,0.796875,0.3591145833333333,-0.7395833333333334,5.296875,4.09375,55,1,ring,500,500,0.0,0.0,1.3908,1.4,1.3,1.45,0.1499999999999999,0.935,0.6831945719486324,1.1868054280513678,0.5625,0.6925,3.5725,4.5075,27.8525,23.475,0.1277856619113156,0.1816137901571347,0.4675,0.232543016810785,0.702456983189215,0.5,0.645,3.5725,4.04,27.8525,20.9575,0.1277856619113156,0.1850064682291956,finite threshold
P067,main_lhs_profile,profile_067,upfront_expected,1.0,0.75,0.75,1.0,1,0,"[0.25,1.00]",0,0,1,0.25,3.0,16,0.1927083333333333,0.50234375,0.753125,0.21015625,0.03125,3.2135416666666665,1.96875,48,4,ring,500,500,0.0,0.0,0.873,0.75,0.75,1.0,0.25,0.0025,-0.2933715104091449,0.2983715104091449,0.4225,0.5675,9.255,9.2575,24.5275,24.4125,0.3768550821848679,0.3795160151874761,-1.6075,-1.8964731062545883,-1.3185268937454115,0.2325,0.36,9.255,7.6475,24.5275,20.35,0.3768550821848679,0.3752613717753919,finite threshold
P068,main_lhs_profile,profile_068,upfront_expected,0.9,0.85,0.75,0.9,1,0,"[0.25,0.90]",0,0,1,0.25,3.0,16,0.0572916666666666,0.38984375,0.690625,0.41328125,-0.5104166666666666,5.088541666666667,4.84375,30,4,small_world,500,500,0.0,0.0,0.9144,0.9,0.85,1.0,0.15,-0.115,-0.2783580835633406,0.0483580835633406,0.3375,0.62,2.41,2.295,15.3925,15.2775,0.155191623875351,0.1494838767935712,-0.505,-0.6624519891562672,-0.3475480108437327,0.235,0.5225,2.41,1.905,15.3925,12.7675,0.155191623875351,0.1489979786080794,finite threshold
P069,main_lhs_profile,profile_069,upfront_expected,1.0,0.75,0.75,1.0,1,0,"[0.25,1.00]",0,0,1,0.25,3.0,16,0.109375,0.62421875,0.403125,0.5283854166666666,-0.2395833333333332,2.953125,5.28125,11,6,ring,500,500,0.0,0.0,0.924,1.0,0.75,1.0,0.25,0.0325,-0.1236154135959254,0.1886154135959254,0.355,0.645,3.085,3.1175,5.63,5.6325,0.5387311507936507,0.5469172979797982,-0.535,-0.6826312418272323,-0.3873687581727677,0.225,0.495,3.085,2.55,5.63,4.6325,0.5387311507936507,0.5401140873015872,finite threshold
P070,main_lhs_profile,profile_070,upfront_expected,1.05,1.0,0.75,1.05,1,0,"[0.25,1.05]",0,0,1,0.25,3.0,16,0.5052083333333334,0.56328125,0.6843750000000001,0.8466145833333332,-1.1354166666666667,4.567708333333333,1.15625,17,4,ring,500,500,0.0,0.0,1.0748,1.05,1.0,1.2,0.1999999999999999,0.175,0.0633672299862524,0.2866327700137475,0.3375,0.76,1.33,1.505,8.695,8.7875,0.1541759282384285,0.1705404456654458,-0.08,-0.1802371426923612,0.0202371426923612,0.245,0.715,1.33,1.25,8.695,7.2475,0.1541759282384285,0.1729219461094463,finite threshold
P071,main_lhs_profile,profile_071,upfront_expected,1.05,1.0,1.0,1.05,1,0,"[0.25,1.05]",0,0,1,0.25,3.0,16,0.140625,0.74609375,0.4781250000000001,0.5486979166666667,-0.90625,2.9010416666666665,4.96875,42,3,small_world,500,500,0.0,0.0,1.0399,1.05,1.0,1.1,0.1,0.615,0.2986185837035465,0.9313814162964534,0.51,0.62,9.3525,9.9675,21.3175,20.8575,0.438572464075051,0.4801473024227306,-0.9925,-1.2931320768099044,-0.6918679231900957,0.31,0.4525,9.3525,8.36,21.3175,17.5225,0.438572464075051,0.4787583685560529,finite threshold
P072,main_lhs_profile,profile_072,upfront_expected,2.8,2.0,0.75,2.8,1,0,"[0.25,2.80]",0,0,1,0.25,3.0,20,0.890625,0.49765625,0.784375,0.7789062499999999,-1.4895833333333333,2.5885416666666665,4.28125,45,4,small_world,500,500,0.0,0.23,2.6545,2.6,2.0,3.0,1.0,0.705,0.5910793217325968,0.8189206782674031,0.42,0.975,0.3475,1.0525,23.34,23.11,0.0145942057453479,0.0447683846750021,0.5025,0.4078759225916404,0.5971240774083595,0.355,0.9525,0.3475,0.85,23.34,19.045,0.0145942057453479,0.0439682779020458,finite threshold
P073,main_lhs_profile,profile_073,upfront_expected,1.05,1.05,1.05,1.05,1,0,"[0.25,1.05]",0,0,1,0.25,3.0,16,0.8072916666666666,0.55390625,0.353125,0.3388020833333333,-0.1979166666666667,1.7552083333333333,3.15625,49,5,small_world,500,500,0.0,0.0,1.0689000000000002,1.05,1.05,1.1,0.05,1.235,0.8789173438711781,1.591082656128822,0.5875,0.6975,11.7175,12.9525,25.0775,24.0925,0.4655168004451363,0.5388096003017704,-1.2175,-1.5741286559653878,-0.8608713440346122,0.3425,0.45,11.7175,10.5,25.0775,19.9625,0.4655168004451363,0.5265904752584405,finite threshold
P074,main_lhs_profile,profile_074,upfront_expected,0.95,0.9,0.9,0.95,1,0,"[0.25,0.95]",0,0,1,0.25,3.0,16,0.4010416666666667,0.58671875,0.396875,0.3794270833333333,-0.1145833333333332,1.390625,2.03125,54,3,ring,500,500,0.0,0.0,0.9298,0.95,0.9,0.95,0.0499999999999999,-0.4725,-0.8392313953638593,-0.1057686046361407,0.4025,0.4875,16.05,15.5775,27.5425,25.2125,0.5800930518858347,0.6210651386063748,-2.7675,-3.1340896029745298,-2.4009103970254704,0.21,0.27,16.05,13.2825,27.5425,21.7275,0.5800930518858347,0.6127175296554025,finite threshold
P075,main_lhs_profile,profile_075,upfront_expected,1.35,1.0,1.0,1.35,1,0,"[0.25,1.35]",0,0,1,0.25,3.0,16,0.765625,0.64765625,0.7906250000000001,0.2981770833333333,-0.6145833333333334,3.682291666666667,5.53125,22,3,ring,500,500,0.0,0.0,1.2972,1.35,1.25,1.35,0.1,0.765,0.6160378573814911,0.9139621426185088,0.525,0.8275,1.615,2.38,11.335,11.2025,0.1409473144674385,0.210986282712386,0.245,0.1046845011137698,0.3853154988862301,0.3675,0.7275,1.615,1.86,11.335,9.185,0.1409473144674385,0.199975163725164,finite threshold
P076,main_lhs_profile,profile_076,upfront_expected,1.0,1.0,1.0,1.0,1,0,"[0.25,1.00]",0,0,1,0.25,3.0,16,0.1822916666666666,0.63359375,0.278125,0.6773437499999999,0.09375,1.6510416666666667,2.34375,26,3,small_world,500,500,0.0,0.0,1.0067000000000002,1.0,1.0,1.05,0.05,0.57,0.2968411370159835,0.8431588629840163,0.505,0.6725,8.735,9.305,13.4075,13.2825,0.6494900136520677,0.6980935432923624,-1.32,-1.5867842870827369,-1.0532157129172632,0.235,0.375,8.735,7.415,13.4075,10.81,0.6494900136520677,0.6840584760419316,finite threshold
P077,main_lhs_profile,profile_077,upfront_expected,0.95,0.9,0.9,0.95,1,0,"[0.25,0.95]",0,0,1,0.25,3.0,16,0.3072916666666667,0.77890625,0.496875,0.5080729166666667,-0.0729166666666667,5.140625,2.59375,43,7,small_world,500,500,0.0,0.0,0.9486,0.95,0.9,0.95,0.0499999999999999,-0.42,-0.791288862239409,-0.0487111377605909,0.3925,0.5075,16.6375,16.2175,22.04,21.4925,0.7528893459386228,0.7557261700980661,-3.4525,-3.811316085964896,-3.0936839140351045,0.135,0.225,16.6375,13.185,22.04,17.69,0.7528893459386228,0.7456841618011849,finite threshold
P078,main_lhs_profile,profile_078,upfront_expected,3.0,2.5,1.75,3.0,0,0,"[0.25,3.00]",0,1,0,0.25,3.0,12,0.9427083333333334,0.7132812500000001,0.465625,0.83984375,0.3854166666666667,2.848958333333333,5.21875,27,2,ring,500,500,0.0,0.566,2.781,3.0,2.5,3.0,0.5,4.41,4.1121112644660185,4.707888735533982,0.88,0.98,1.07,5.48,13.855,13.7175,0.0768157636244903,0.3958019240498922,2.8775,2.611349924258151,3.143650075741849,0.78,0.9375,1.07,3.9475,13.855,11.2325,0.0768157636244903,0.3446579788890161,right-censored at 3.00
P079,main_lhs_profile,profile_079,upfront_expected,0.9,0.9,0.9,0.9,1,0,"[0.25,0.90]",0,0,1,0.25,3.0,16,0.4635416666666667,0.74140625,0.340625,0.2846354166666667,-0.4270833333333332,2.119791666666667,0.09375,46,6,small_world,500,500,0.0,0.0,0.9072,0.9,0.9,0.95,0.0499999999999999,-0.865,-1.2275402284890409,-0.502459771510959,0.3725,0.4725,15.7325,14.8675,23.5975,23.045,0.6643600334277455,0.6446481220891203,-3.4125,-3.759581109261224,-3.0654188907387767,0.1175,0.21,15.7325,12.32,23.5975,19.225,0.6643600334277455,0.6402613065173065,finite threshold
P080,main_lhs_profile,profile_080,upfront_expected,1.0,0.75,0.75,1.0,1,0,"[0.25,1.00]",0,0,1,0.25,3.0,16,0.0364583333333333,0.47421875,0.6718750000000001,0.4200520833333333,-1.1979166666666667,2.484375,1.59375,38,6,preferential_attachment,500,500,0.0,0.0,0.8784,1.0,0.75,1.05,0.3,0.0025,-0.1697712264216287,0.1747712264216287,0.3675,0.65,3.4,3.4025,19.465,19.3225,0.1735612443493763,0.1771753337742118,-0.59,-0.7512858542651796,-0.4287141457348203,0.235,0.5375,3.4,2.81,19.465,15.7975,0.1735612443493763,0.1785819805476828,finite threshold
P081,main_lhs_profile,profile_081,upfront_expected,1.0,1.0,0.75,1.0,1,0,"[0.25,1.00]",0,0,1,0.25,3.0,16,0.671875,0.7320312500000001,0.6468750000000001,0.4471354166666666,-1.1770833333333333,3.473958333333333,0.96875,30,4,small_world,500,500,0.0,0.0,1.0122,1.0,1.0,1.05,0.05,0.325,0.1448906255859506,0.5051093744140494,0.455,0.6975,4.225,4.55,15.535,15.69,0.269566852417131,0.2914516964313081,-0.5575,-0.7380716665599243,-0.3769283334400757,0.2575,0.55,4.225,3.6675,15.535,13.065,0.269566852417131,0.2804458139684534,finite threshold
P082,main_lhs_profile,profile_082,upfront_expected,1.0,1.0,0.75,1.0,1,0,"[0.25,1.00]",0,0,1,0.25,3.0,16,0.453125,0.72734375,0.234375,0.2440104166666666,0.3020833333333332,1.234375,4.34375,19,5,preferential_attachment,500,500,0.0,0.0,1.0237,1.0,1.0,1.05,0.05,0.335,0.1156437599608876,0.5543562400391124,0.435,0.665,6.51,6.845,9.81,9.6125,0.6585259774947267,0.7062437562437561,-1.1725,-1.3777989893924325,-0.9672010106075676,0.21,0.3725,6.51,5.3375,9.81,7.6075,0.6585259774947267,0.6948531537906543,finite threshold
P083,main_lhs_profile,profile_083,upfront_expected,1.05,1.0,0.75,1.05,1,0,"[0.25,1.05]",0,0,1,0.25,3.0,16,0.9322916666666666,0.39453125,0.484375,0.4606770833333333,0.3645833333333332,5.557291666666667,1.84375,20,1,preferential_attachment,500,500,0.0,0.0,1.0418,1.05,1.0,1.1,0.1,0.27,0.0608826874701996,0.4791173125298004,0.4525,0.665,4.08,4.35,10.1525,10.1225,0.3994251165501169,0.4298851738539245,-0.65,-0.839185188383195,-0.460814811616805,0.26,0.5,4.08,3.43,10.1525,8.055,0.3994251165501169,0.4276141913641915,finite threshold
P084,main_lhs_profile,profile_084,upfront_expected,1.15,1.1,1.05,1.15,1,0,"[0.25,1.15]",0,0,1,0.25,3.0,16,0.9114583333333334,0.40859375,0.446875,0.59609375,0.34375,4.776041666666667,1.78125,21,5,preferential_attachment,500,500,0.0,0.0,1.1458,1.15,1.1,1.2,0.0999999999999998,1.0325,0.7897336019294857,1.275266398070514,0.6,0.7675,4.5825,5.615,10.74,10.7925,0.4239448121323126,0.519207629176379,-0.1775,-0.3932766809911274,0.0382766809911274,0.3775,0.605,4.5825,4.405,10.74,8.7,0.4239448121323126,0.504711295648796,finite threshold
P085,main_lhs_profile,profile_085,upfront_expected,1.0,0.75,0.75,1.0,1,0,"[0.25,1.00]",0,0,1,0.25,3.0,16,0.0052083333333333,0.53046875,0.628125,0.3252604166666666,0.21875,3.942708333333333,2.78125,32,5,preferential_attachment,500,500,0.0,0.0,0.902,1.0,0.75,1.0,0.25,0.03,-0.2537731175799991,0.3137731175799991,0.42,0.5525,8.2175,8.2475,16.1425,15.905,0.5086528255727087,0.5177858609184074,-1.5575,-1.8268717683536724,-1.2881282316463278,0.2475,0.3525,8.2175,6.66,16.1425,13.0225,0.5086528255727087,0.5105388559776134,finite threshold
P086,main_lhs_profile,profile_086,upfront_expected,1.0,1.0,0.75,1.0,1,0,"[0.25,1.00]",0,0,1,0.25,3.0,16,0.9635416666666666,0.65703125,0.321875,0.75859375,-0.71875,4.307291666666667,0.53125,47,6,small_world,500,500,0.0,0.0,0.9974,1.0,1.0,1.0,0.0,0.3575,0.0232445592549795,0.6917554407450204,0.4875,0.6175,11.5225,11.88,24.305,23.695,0.4728803545978431,0.501314757456853,-1.715,-2.0351927311730904,-1.3948072688269098,0.2525,0.385,11.5225,9.8075,24.305,19.795,0.4728803545978431,0.4939680578382064,finite threshold
P087,main_lhs_profile,profile_087,upfront_expected,0.95,,,0.95,1,0,"[0.25,0.95]",0,0,1,0.25,3.0,16,0.0260416666666666,0.46953125,0.571875,0.2575520833333333,-1.46875,4.932291666666667,1.71875,57,5,small_world,500,293,0.414,0.0,0.9540955631399318,0.95,0.95,1.0,0.05,-0.18,-0.4201979453588552,0.0601979453588552,0.39,0.565,5.0925,4.9125,28.83,28.9175,0.1765548912926186,0.1705519046340508,-0.9975,-1.2244011964904162,-0.7705988035095839,0.24,0.4225,5.0925,4.095,28.83,23.835,0.1765548912926186,0.172679268519545,finite threshold
P088,main_lhs_profile,profile_088,upfront_expected,1.15,1.15,1.05,1.15,1,0,"[0.25,1.15]",0,0,1,0.25,3.0,16,0.828125,0.45546875,0.7406250000000001,0.25078125,-0.59375,3.109375,3.46875,45,6,ring,500,500,0.0,0.0,1.1728999999999998,1.15,1.15,1.25,0.1,0.865,0.6584379691371385,1.0715620308628615,0.5625,0.7675,3.8475,4.7125,22.83,23.04,0.1673410337447185,0.2044262293851591,-0.0425,-0.2344184572640846,0.1494184572640846,0.395,0.615,3.8475,3.805,22.83,19.0425,0.1673410337447185,0.1998596027671745,finite threshold
P089,main_lhs_profile,profile_089,upfront_expected,2.55,2.25,2.0,2.55,1,0,"[0.25,2.55]",0,0,1,0.25,3.0,20,0.859375,0.56796875,0.296875,0.8330729166666666,0.0729166666666667,1.546875,4.78125,36,3,small_world,500,500,0.0,0.0,2.4779,2.55,2.25,2.75,0.5,4.5375,4.243242001764597,4.831757998235402,0.9175,0.9775,1.7475,6.285,18.62,18.2775,0.0926710062264528,0.3418842333352651,3.1925,2.924584159421006,3.4604158405789938,0.8225,0.945,1.7475,4.94,18.62,15.43,0.0926710062264528,0.3155979777577235,finite threshold
P090,main_lhs_profile,profile_090,upfront_expected,1.3,1.0,1.0,1.3,1,0,"[0.25,1.30]",0,0,1,0.25,3.0,16,0.6822916666666666,0.48828125,0.334375,0.7992187499999999,-0.6770833333333334,3.265625,2.15625,34,7,ring,500,500,0.0,0.0,1.2644000000000002,1.3,1.0,1.3,0.3,1.7425,1.5089352206192754,1.9760647793807244,0.7025,0.8425,4.7175,6.46,17.585,17.365,0.2664771072334139,0.3719200969351351,0.455,0.2430048604464953,0.6669951395535048,0.505,0.6925,4.7175,5.1725,17.585,14.335,0.2664771072334139,0.3604854045056253,finite threshold
P091,main_lhs_profile,profile_091,upfront_expected,1.15,1.1,1.0,1.15,1,0,"[0.25,1.15]",0,0,1,0.25,3.0,16,0.953125,0.54453125,0.390625,0.33203125,-0.3854166666666667,5.036458333333333,3.59375,19,5,small_world,500,500,0.0,0.0,1.1255,1.15,1.1,1.15,0.0499999999999998,0.79,0.5653716434198717,1.0146283565801284,0.5325,0.725,3.9075,4.6975,9.845,9.61,0.394708645521146,0.4858720515595513,-0.2825,-0.4852021086768754,-0.0797978913231244,0.3575,0.5575,3.9075,3.625,9.845,7.61,0.394708645521146,0.4731570443445442,finite threshold
P092,main_lhs_profile,profile_092,upfront_expected,0.9,0.85,0.85,0.9,1,0,"[0.25,0.90]",0,0,1,0.25,3.0,16,0.1614583333333333,0.64296875,0.490625,0.5622395833333333,-0.28125,4.984375,1.09375,47,3,small_world,500,500,0.0,0.0,0.8891,0.9,0.85,0.9,0.05,-1.2175,-1.6066604340615966,-0.8283395659384034,0.3325,0.4125,15.6375,14.42,23.7375,22.91,0.6570929706401683,0.6304361814792547,-3.3875,-3.7601960869154176,-3.0148039130845827,0.1625,0.2325,15.6375,12.25,23.7375,19.3225,0.6570929706401683,0.6344446300689637,finite threshold
P093,main_lhs_profile,profile_093,upfront_expected,1.0,0.75,0.75,1.0,1,0,"[0.25,1.00]",0,0,1,0.25,3.0,16,0.171875,0.69921875,0.384375,0.6976562499999999,-1.34375,5.244791666666667,0.78125,20,4,ring,500,500,0.0,0.0,0.9607,1.0,0.75,1.05,0.3,0.1,-0.1346711262162967,0.3346711262162967,0.45,0.5925,5.545,5.645,10.265,10.0975,0.539215952960438,0.5590144924519916,-1.0375,-1.2561598773339957,-0.8188401226660046,0.2625,0.3975,5.545,4.5075,10.265,8.165,0.539215952960438,0.5534023754023755,finite threshold
P094,main_lhs_profile,profile_094,upfront_expected,1.05,1.0,1.0,1.05,1,0,"[0.25,1.05]",0,0,1,0.25,3.0,16,0.6510416666666666,0.3570312499999999,0.378125,0.7315104166666666,-0.09375,5.869791666666667,1.21875,29,6,preferential_attachment,500,500,0.0,0.0,1.0434,1.05,1.0,1.1,0.1,0.5375,0.2584396369323281,0.8165603630676719,0.5075,0.655,6.31,6.8475,14.74,14.63,0.4254868669127569,0.4659977756647565,-0.6825,-0.9379292175253542,-0.4270707824746458,0.315,0.48,6.31,5.6275,14.74,12.13,0.4254868669127569,0.4635900216806758,finite threshold
P095,main_lhs_profile,profile_095,upfront_expected,1.8,1.5,1.5,1.8,1,0,"[0.25,1.80]",0,0,1,0.25,3.0,16,0.5572916666666666,0.4460937499999999,0.228125,0.8263020833333332,-0.78125,3.786458333333333,4.40625,38,3,ring,500,500,0.0,0.0,1.685,1.8,1.5,1.9,0.3999999999999999,3.785,3.5304754687007103,4.03952453129929,0.9025,0.97,3.345,7.13,19.6375,19.0225,0.1699670295612206,0.3772821175057799,2.3175,2.075622585333396,2.559377414666604,0.75,0.89,3.345,5.6625,19.6375,15.7675,0.1699670295612206,0.3610867988192917,finite threshold
P096,main_lhs_profile,profile_096,upfront_expected,0.9,0.9,0.85,0.9,1,0,"[0.25,0.90]",0,0,1,0.25,3.0,16,0.2239583333333333,0.44140625,0.303125,0.3997395833333333,-1.0520833333333333,3.994791666666667,1.65625,31,1,preferential_attachment,500,500,0.0,0.0,0.9142,0.9,0.9,0.95,0.0499999999999999,-0.34,-0.6055508342665851,-0.0744491657334149,0.3775,0.565,6.4025,6.0625,15.4975,15.5,0.4111303961883488,0.3917703309125254,-1.53,-1.779082249233653,-1.2809177507663467,0.195,0.3525,6.4025,4.8725,15.4975,12.595,0.4111303961883488,0.3892484436573065,finite threshold
