scenario,level,r,replicates,mean_delta,ci95_lower,ci95_upper,mean_direct_takeoff,mean_referral_takeoff,mean_direct_extinction,mean_referral_extinction,mean_direct_new_adoptions,mean_referral_new_adoptions
dynamic__takeoff_0.05__quiet_10,takeoff=0.05;quiet=10,1.0,400,1.5075,1.2180857802016214,1.7969142197983787,0.7725,0.8775,0.2275,0.1175,6.5175,8.025
dynamic__takeoff_0.05__quiet_10,takeoff=0.05;quiet=10,1.2,400,-0.0375,-0.3035342937156775,0.2285342937156775,0.7725,0.7625,0.2275,0.2375,6.5175,6.48
dynamic__takeoff_0.05__quiet_3,takeoff=0.05;quiet=3,1.0,400,1.49,1.21178088379336,1.76821911620664,0.745,0.8725,0.255,0.1275,6.405,7.895
dynamic__takeoff_0.05__quiet_3,takeoff=0.05;quiet=3,1.2,400,-0.065,-0.3433207492378469,0.2133207492378469,0.745,0.7275,0.255,0.2725,6.405,6.34
dynamic__takeoff_0.05__quiet_5,takeoff=0.05;quiet=5,1.0,400,1.5375,1.269527566828922,1.8054724331710783,0.7175,0.865,0.2825,0.135,6.215,7.7525
dynamic__takeoff_0.05__quiet_5,takeoff=0.05;quiet=5,1.2,400,0.07,-0.1836971551315867,0.3236971551315867,0.7175,0.7525,0.2825,0.2475,6.215,6.285
dynamic__takeoff_0.10__quiet_10,takeoff=0.10;quiet=10,1.0,400,1.4225,1.1372904012742018,1.7077095987257984,0.125,0.28,0.8225,0.69,6.495,7.9175
dynamic__takeoff_0.10__quiet_10,takeoff=0.10;quiet=10,1.2,400,-0.0075,-0.2759901945250734,0.2609901945250734,0.125,0.1225,0.8225,0.8775,6.495,6.4875
dynamic__takeoff_0.10__quiet_3,takeoff=0.10;quiet=3,1.0,400,1.4325,1.1664774682152343,1.698522531784766,0.14,0.2825,0.86,0.7175,6.535,7.9675
dynamic__takeoff_0.10__quiet_3,takeoff=0.10;quiet=3,1.2,400,-0.06,-0.3262207187360803,0.2062207187360803,0.14,0.11,0.86,0.89,6.535,6.475
dynamic__takeoff_0.10__quiet_5,takeoff=0.10;quiet=5,1.0,400,1.465,1.1800473839438528,1.7499526160561474,0.1275,0.3,0.8725,0.7,6.3125,7.7775
dynamic__takeoff_0.10__quiet_5,takeoff=0.10;quiet=5,1.2,400,0.0525,-0.2224968086519291,0.3274968086519291,0.1275,0.135,0.8725,0.865,6.3125,6.365
dynamic__takeoff_0.15__quiet_10,takeoff=0.15;quiet=10,1.0,400,1.33,1.053931230778288,1.6060687692217122,0.005,0.01,0.9425,0.91,6.34,7.67
dynamic__takeoff_0.15__quiet_10,takeoff=0.15;quiet=10,1.2,400,-0.0275,-0.2955290138140033,0.2405290138140033,0.005,0.0025,0.9425,0.9975,6.34,6.3125
dynamic__takeoff_0.15__quiet_3,takeoff=0.15;quiet=3,1.0,400,1.725,1.4367619478385043,2.013238052161496,0.0025,0.0125,0.9975,0.9875,6.3475,8.0725
dynamic__takeoff_0.15__quiet_3,takeoff=0.15;quiet=3,1.2,400,0.215,-0.0489940763877949,0.4789940763877949,0.0025,0.0,0.9975,1.0,6.3475,6.5625
dynamic__takeoff_0.15__quiet_5,takeoff=0.15;quiet=5,1.0,400,1.39,1.0970650703827105,1.6829349296172895,0.01,0.0075,0.99,0.9925,6.2425,7.6325
dynamic__takeoff_0.15__quiet_5,takeoff=0.15;quiet=5,1.2,400,-0.005,-0.2892963911187575,0.2792963911187575,0.01,0.0,0.99,1.0,6.2425,6.2375
dynamic__takeoff_0.20__quiet_10,takeoff=0.20;quiet=10,1.0,400,1.5075,1.2320624150182495,1.7829375849817506,0.0,0.0,0.9225,0.8825,6.4375,7.945
dynamic__takeoff_0.20__quiet_10,takeoff=0.20;quiet=10,1.2,400,0.03,-0.2389676994917214,0.2989676994917214,0.0,0.0,0.9225,1.0,6.4375,6.4675
dynamic__takeoff_0.20__quiet_3,takeoff=0.20;quiet=3,1.0,400,1.14,0.8573095390182949,1.422690460981705,0.0,0.0,1.0,1.0,6.385,7.525
dynamic__takeoff_0.20__quiet_3,takeoff=0.20;quiet=3,1.2,400,-0.185,-0.4398458518613696,0.0698458518613696,0.0,0.0,1.0,1.0,6.385,6.2
dynamic__takeoff_0.20__quiet_5,takeoff=0.20;quiet=5,1.0,400,1.5025,1.212918665707288,1.7920813342927118,0.0,0.0,1.0,1.0,6.48,7.9825
dynamic__takeoff_0.20__quiet_5,takeoff=0.20;quiet=5,1.2,400,-0.1025,-0.3809282884645918,0.1759282884645918,0.0,0.0,1.0,1.0,6.48,6.3775
