scenario,upfront_r_star,staged_r_star,staged_minus_upfront,absolute_difference_at_least_0_25,upfront_interpretable,staged_interpretable
accounting__baseline,1.15,1.25,0.10000000000000009,0,1,1
accounting__budget_abundant,1.15,1.4,0.25,1,1,1
accounting__budget_scarce,1.1,1.2,0.09999999999999987,0,1,1
accounting__network_preferential_attachment,1.05,1.15,0.09999999999999987,0,1,1
accounting__network_ring,1.2,1.25,0.050000000000000044,0,1,1
accounting__referrers_abundant,1.1,1.15,0.04999999999999982,0,1,1
accounting__referrers_scarce,1.25,1.3,0.050000000000000044,0,1,1
accounting__sociality_high,1.5,1.6,0.10000000000000009,0,1,1
accounting__sociality_low,0.95,1.0,0.050000000000000044,0,1,1
