scenario,factor,level,accounting,r_star_primary_grid,r_star_conservative_grid,r_star_probability_grid,r_star_efficiency_grid,crossing_count,material_upward_jumps,competitive_regions,no_competitive_region,competitive_through_upper_bound,interpretable_single_threshold,grid_min,grid_max,grid_points,market_sociality,fit_mean,status_mean,uncertainty_mean,beta_0,beta_individual,beta_social,budget_limit,seed_adopters,network_type
P001,main_lhs_profile,profile_001,upfront_expected,1.1,1.05,1.0,1.1,1,0,"[0.25,1.10]",0,0,1,0.25,3.0,16,0.4947916666666667,0.7835937500000001,0.7593750000000001,0.5216145833333333,-1.0104166666666667,2.6927083333333335,2.90625,53,4,preferential_attachment
P002,main_lhs_profile,profile_002,upfront_expected,,,,,0,0,,1,0,0,0.25,3.0,12,0.8177083333333334,0.42734375,0.240625,0.6908854166666667,0.01041666666666674,4.828125,0.59375,60,2,small_world
P003,main_lhs_profile,profile_003,upfront_expected,0.95,0.95,0.9,0.95,1,0,"[0.25,0.95]",0,0,1,0.25,3.0,16,0.21354166666666666,0.75078125,0.6031250000000001,0.71796875,-0.36458333333333326,3.838541666666667,0.28125,40,8,ring
P004,main_lhs_profile,profile_004,upfront_expected,1.45,1.35,1.3,1.45,1,0,"[0.25,1.45]",0,0,1,0.25,3.0,16,0.6302083333333334,0.55859375,0.328125,0.7721354166666665,-0.9270833333333334,5.817708333333333,3.09375,29,2,ring
P005,main_lhs_profile,profile_005,upfront_expected,1.0,1.0,0.5,1.0,1,0,"[0.25,1.00]",0,0,1,0.25,3.0,16,0.328125,0.41796875,0.7468750000000002,0.38619791666666664,-0.01041666666666674,1.9114583333333333,3.90625,10,7,preferential_attachment
P006,main_lhs_profile,profile_006,upfront_expected,1.45,1.35,1.0,1.45,1,0,"[0.25,1.45]",0,0,1,0.25,3.0,16,0.6927083333333334,0.47890625,0.640625,0.6502604166666666,-1.21875,5.453125,3.78125,58,7,small_world
P007,main_lhs_profile,profile_007,upfront_expected,1.0,0.75,0.75,1.0,1,0,"[0.25,1.00]",0,0,1,0.25,3.0,16,0.421875,0.51640625,0.5781250000000001,0.5013020833333333,-1.1145833333333333,5.921875,2.65625,53,6,preferential_attachment
P008,main_lhs_profile,profile_008,upfront_expected,1.05,1.0,0.75,1.05,1,0,"[0.25,1.05]",0,0,1,0.25,3.0,16,0.09895833333333333,0.67109375,0.42812500000000003,0.30494791666666665,-0.9895833333333334,2.015625,3.03125,21,4,preferential_attachment
P009,main_lhs_profile,profile_009,upfront_expected,1.25,1.0,0.75,1.25,1,0,"[0.25,1.25]",0,0,1,0.25,3.0,16,0.5364583333333334,0.40390624999999997,0.534375,0.51484375,-1.2395833333333333,2.7447916666666665,2.96875,23,2,ring
P010,main_lhs_profile,profile_010,upfront_expected,1.15,1.1,1.05,1.15,1,0,"[0.25,1.15]",0,0,1,0.25,3.0,16,0.9010416666666666,0.7742187500000001,0.7656250000000002,0.43359375,-0.48958333333333326,1.703125,1.90625,33,8,preferential_attachment
P011,main_lhs_profile,profile_011,upfront_expected,1.3,1.0,0.75,1.3,1,0,"[0.25,1.30]",0,0,1,0.25,3.0,16,0.9947916666666666,0.6664062500000001,0.6781250000000001,0.29140625,-1.4270833333333333,4.515625,3.71875,26,3,small_world
P012,main_lhs_profile,profile_012,upfront_expected,1.05,1.0,0.75,1.05,1,0,"[0.25,1.05]",0,0,1,0.25,3.0,16,0.7552083333333334,0.57265625,0.703125,0.20338541666666668,-1.40625,4.255208333333333,3.34375,37,8,ring
P013,main_lhs_profile,profile_013,upfront_expected,1.0,0.75,0.75,1.0,1,0,"[0.25,1.00]",0,0,1,0.25,3.0,16,0.203125,0.52109375,0.28437500000000004,0.6096354166666667,-1.4479166666666667,4.359375,1.46875,24,8,small_world
P014,main_lhs_profile,profile_014,upfront_expected,1.0,1.0,1.0,1.0,1,0,"[0.25,1.00]",0,0,1,0.25,3.0,16,0.3177083333333333,0.43203125,0.5218750000000001,0.7111979166666667,0.05208333333333326,1.8072916666666667,3.21875,46,2,preferential_attachment
P015,main_lhs_profile,profile_015,upfront_expected,0.9,0.9,0.9,0.9,1,0,"[0.25,0.90]",0,0,1,0.25,3.0,16,0.5885416666666666,0.68515625,0.25312500000000004,0.21692708333333335,-1.03125,3.734375,0.40625,35,4,ring
P016,main_lhs_profile,profile_016,upfront_expected,1.1,1.05,0.75,1.1,1,0,"[0.25,1.10]",0,0,1,0.25,3.0,16,0.4322916666666667,0.36640625,0.596875,0.23723958333333334,-1.0729166666666667,1.4947916666666665,4.03125,25,2,ring
P017,main_lhs_profile,profile_017,upfront_expected,1.0,0.75,0.75,1.0,1,0,"[0.25,1.00]",0,0,1,0.25,3.0,16,0.984375,0.69453125,0.37187500000000007,0.45390624999999996,-0.21875,4.671875,0.65625,14,2,preferential_attachment
P018,main_lhs_profile,profile_018,upfront_expected,1.2,1.05,0.75,1.2,1,0,"[0.25,1.20]",0,0,1,0.25,3.0,16,0.7864583333333334,0.61484375,0.6218750000000001,0.6164062499999999,-0.7604166666666666,5.661458333333333,2.40625,12,2,ring
P019,main_lhs_profile,profile_019,upfront_expected,0.95,,,0.95,1,0,"[0.25,0.95]",0,0,1,0.25,3.0,16,0.078125,0.36171875,0.734375,0.49453125,-0.13541666666666674,3.890625,5.09375,58,7,preferential_attachment
P020,main_lhs_profile,profile_020,upfront_expected,0.9,0.9,0.9,0.9,1,0,"[0.25,0.90]",0,0,1,0.25,3.0,16,0.15104166666666666,0.51171875,0.27187500000000003,0.36588541666666663,-1.3020833333333333,4.203125,2.71875,51,7,small_world
P021,main_lhs_profile,profile_021,upfront_expected,0.95,0.9,0.8,0.95,1,0,"[0.25,0.95]",0,0,1,0.25,3.0,16,0.359375,0.37109375,0.6656250000000001,0.27109375,-0.8645833333333334,4.151041666666667,1.40625,43,8,ring
P022,main_lhs_profile,profile_022,upfront_expected,1.4,1.35,1.3,1.4,1,0,"[0.25,1.40]",0,0,1,0.25,3.0,16,0.8489583333333334,0.6898437500000001,0.565625,0.4809895833333333,-0.44791666666666674,5.765625,4.53125,34,4,ring
P023,main_lhs_profile,profile_023,upfront_expected,1.0,1.0,0.75,1.0,1,0,"[0.25,1.00]",0,0,1,0.25,3.0,16,0.13020833333333334,0.46484375,0.309375,0.6028645833333333,-0.17708333333333326,3.0052083333333335,5.78125,40,7,preferential_attachment
P024,main_lhs_profile,profile_024,upfront_expected,1.0,0.75,0.5,1.0,1,0,"[0.25,1.00]",0,0,1,0.25,3.0,16,0.4114583333333333,0.37578124999999996,0.6531250000000002,0.22369791666666666,-0.34375,2.067708333333333,5.90625,10,3,preferential_attachment
P025,main_lhs_profile,profile_025,upfront_expected,1.7,1.25,0.5,1.7,1,0,"[0.25,1.70]",0,0,1,0.25,3.0,16,0.7135416666666666,0.59140625,0.721875,0.5690104166666666,-1.3229166666666667,3.1614583333333335,4.65625,12,5,preferential_attachment
P026,main_lhs_profile,profile_026,upfront_expected,,,,,0,0,,1,0,0,0.25,3.0,12,0.5989583333333334,0.79296875,0.5281250000000001,0.6638020833333332,0.17708333333333326,2.796875,1.53125,51,1,small_world
P027,main_lhs_profile,profile_027,upfront_expected,1.0,0.75,0.75,1.0,1,0,"[0.25,1.00]",0,0,1,0.25,3.0,16,0.6614583333333334,0.45078125,0.5093750000000001,0.5825520833333333,-0.32291666666666674,3.3697916666666665,0.21875,27,6,ring
P028,main_lhs_profile,profile_028,upfront_expected,1.2,1.1,1.0,1.2,1,0,"[0.25,1.20]",0,0,1,0.25,3.0,16,0.4427083333333333,0.39921874999999996,0.7156250000000002,0.8059895833333333,-0.15625,1.078125,2.84375,16,5,ring
P029,main_lhs_profile,profile_029,upfront_expected,,,,,0,0,,1,0,0,0.25,3.0,12,0.296875,0.70859375,0.6343750000000001,0.65703125,0.26041666666666674,1.2864583333333333,0.03125,56,2,small_world
P030,main_lhs_profile,profile_030,upfront_expected,1.15,1.05,0.75,1.15,1,0,"[0.25,1.15]",0,0,1,0.25,3.0,16,0.2552083333333333,0.35234374999999996,0.546875,0.7518229166666666,-1.15625,5.401041666666667,5.96875,35,6,preferential_attachment
P031,main_lhs_profile,profile_031,upfront_expected,1.3,1.3,1.3,1.3,1,0,"[0.25,1.30]",0,0,1,0.25,3.0,16,0.9739583333333334,0.72265625,0.34687500000000004,0.7450520833333332,0.15625,5.505208333333333,3.40625,39,6,preferential_attachment
P032,main_lhs_profile,profile_032,upfront_expected,0.95,0.9,0.9,0.95,1,0,"[0.25,0.95]",0,0,1,0.25,3.0,16,0.08854166666666667,0.42265625,0.36562500000000003,0.55546875,0.19791666666666674,4.880208333333333,5.15625,41,8,ring
P033,main_lhs_profile,profile_033,upfront_expected,1.05,1.0,1.0,1.05,1,0,"[0.25,1.05]",0,0,1,0.25,3.0,16,0.390625,0.50703125,0.5531250000000001,0.53515625,-0.03125,2.171875,4.15625,56,7,small_world
P034,main_lhs_profile,profile_034,upfront_expected,1.05,1.05,1.0,1.05,1,0,"[0.25,1.05]",0,0,1,0.25,3.0,16,0.796875,0.48359375,0.246875,0.6299479166666666,-1.28125,5.609375,1.03125,36,7,ring
P035,main_lhs_profile,profile_035,upfront_expected,0.95,0.9,0.9,0.95,1,0,"[0.25,0.95]",0,0,1,0.25,3.0,16,0.24479166666666666,0.7601562500000001,0.42187500000000006,0.7247395833333332,-0.30208333333333326,4.411458333333333,1.28125,33,2,small_world
P036,main_lhs_profile,profile_036,upfront_expected,0.9,0.9,0.8,0.9,1,0,"[0.25,0.90]",0,0,1,0.25,3.0,16,0.06770833333333333,0.68046875,0.6968750000000001,0.35234374999999996,0.40625,4.046875,2.21875,9,6,small_world
P037,main_lhs_profile,profile_037,upfront_expected,1.45,1.3,1.3,1.45,1,0,"[0.25,1.45]",0,0,1,0.25,3.0,16,0.6197916666666666,0.61015625,0.359375,0.8195312499999998,-0.40625,5.192708333333333,3.84375,28,5,ring
P038,main_lhs_profile,profile_038,upfront_expected,1.0,0.75,0.75,1.0,1,0,"[0.25,1.00]",0,0,1,0.25,3.0,16,0.2760416666666667,0.59609375,0.5593750000000001,0.8127604166666667,-0.5520833333333334,4.619791666666667,0.34375,8,7,preferential_attachment
P039,main_lhs_profile,profile_039,upfront_expected,1.5,1.25,1.0,1.5,1,0,"[0.25,1.50]",0,0,1,0.25,3.0,16,0.484375,0.58203125,0.7281250000000001,0.6231770833333332,-0.05208333333333326,2.640625,5.46875,18,7,small_world
P040,main_lhs_profile,profile_040,upfront_expected,1.3,1.0,1.0,1.3,1,0,"[0.25,1.30]",0,0,1,0.25,3.0,16,0.546875,0.7039062500000001,0.415625,0.5893229166666667,-0.5729166666666666,4.723958333333333,5.59375,13,4,small_world
P041,main_lhs_profile,profile_041,upfront_expected,1.15,1.1,1.1,1.15,1,0,"[0.25,1.15]",0,0,1,0.25,3.0,16,0.7239583333333334,0.7367187500000001,0.7718750000000001,0.6841145833333333,-0.46875,2.328125,2.09375,48,3,preferential_attachment
P042,main_lhs_profile,profile_042,upfront_expected,1.0,1.0,0.75,1.0,1,0,"[0.25,1.00]",0,0,1,0.25,3.0,16,0.734375,0.38046874999999997,0.45312500000000006,0.3455729166666667,0.42708333333333326,2.5364583333333335,1.34375,22,7,ring
P043,main_lhs_profile,profile_043,upfront_expected,1.0,0.75,0.75,1.0,1,0,"[0.25,1.00]",0,0,1,0.25,3.0,16,0.11979166666666667,0.38515625,0.290625,0.2778645833333333,-0.26041666666666674,3.421875,5.34375,32,5,preferential_attachment
P044,main_lhs_profile,profile_044,upfront_expected,,,,,0,0,,1,0,0,0.25,3.0,12,0.046875,0.52578125,0.215625,0.5419270833333333,-0.65625,5.973958333333333,5.71875,59,2,preferential_attachment
P045,main_lhs_profile,profile_045,upfront_expected,1.0,1.0,0.75,1.0,1,0,"[0.25,1.00]",0,0,1,0.25,3.0,16,0.3489583333333333,0.75546875,0.22187500000000002,0.40651041666666665,0.11458333333333326,1.859375,2.53125,15,4,small_world
P046,main_lhs_profile,profile_046,upfront_expected,1.4,1.3,1.0,1.4,1,0,"[0.25,1.40]",0,0,1,0.25,3.0,16,0.515625,0.71796875,0.40937500000000004,0.47421874999999997,-1.09375,1.3385416666666665,5.84375,17,1,small_world
P047,main_lhs_profile,profile_047,upfront_expected,1.75,1.5,1.25,1.75,1,0,"[0.25,1.75]",0,0,1,0.25,3.0,16,0.921875,0.76484375,0.31562500000000004,0.73828125,0.13541666666666674,3.3177083333333335,4.90625,16,7,small_world
P048,main_lhs_profile,profile_048,upfront_expected,1.15,1.05,1.0,1.15,1,0,"[0.25,1.15]",0,0,1,0.25,3.0,16,0.7447916666666666,0.41328125,0.47187500000000004,0.23046875,-0.8854166666666666,5.713541666666667,3.96875,50,2,ring
P049,main_lhs_profile,profile_049,upfront_expected,0.9,0.9,0.9,0.9,1,0,"[0.25,0.90]",0,0,1,0.25,3.0,16,0.609375,0.6195312500000001,0.5906250000000001,0.6434895833333333,0.32291666666666674,3.0572916666666665,0.71875,52,3,ring
P050,main_lhs_profile,profile_050,upfront_expected,1.05,1.05,1.05,1.05,1,0,"[0.25,1.05]",0,0,1,0.25,3.0,16,0.265625,0.62890625,0.503125,0.63671875,-0.6979166666666666,3.630208333333333,3.53125,52,5,ring
P051,main_lhs_profile,profile_051,upfront_expected,1.05,1.0,0.75,1.05,1,0,"[0.25,1.05]",0,0,1,0.25,3.0,16,0.3697916666666667,0.54921875,0.7781250000000002,0.4268229166666666,-0.9479166666666666,2.3802083333333335,3.65625,49,3,preferential_attachment
P052,main_lhs_profile,profile_052,upfront_expected,1.05,1.0,0.75,1.05,1,0,"[0.25,1.05]",0,0,1,0.25,3.0,16,0.234375,0.53984375,0.7093750000000001,0.39296875,0.44791666666666674,1.1302083333333333,4.21875,14,4,small_world
P053,main_lhs_profile,profile_053,upfront_expected,1.4,1.0,,1.4,1,0,"[0.25,1.40]",0,0,1,0.25,3.0,16,0.5677083333333334,0.57734375,0.609375,0.5757812499999999,-1.3854166666666667,3.526041666666667,5.03125,54,1,preferential_attachment
P054,main_lhs_profile,profile_054,upfront_expected,1.35,1.3,1.0,1.35,1,0,"[0.25,1.35]",0,0,1,0.25,3.0,16,0.8802083333333334,0.65234375,0.203125,0.44036458333333334,-0.8229166666666666,1.1822916666666667,5.65625,25,6,small_world
P055,main_lhs_profile,profile_055,upfront_expected,0.9,,,0.9,1,0,"[0.25,0.90]",0,0,1,0.25,3.0,16,0.3385416666666667,0.79765625,0.265625,0.7044270833333333,-0.6354166666666666,3.578125,0.90625,55,6,small_world
P056,main_lhs_profile,profile_056,upfront_expected,1.0,0.75,0.5,1.0,1,0,"[0.25,1.00]",0,0,1,0.25,3.0,16,0.3802083333333333,0.76953125,0.45937500000000003,0.7924479166666667,-0.8020833333333334,1.9635416666666667,0.15625,9,8,preferential_attachment
P057,main_lhs_profile,profile_057,upfront_expected,1.05,1.0,0.75,1.05,1,0,"[0.25,1.05]",0,0,1,0.25,3.0,16,0.5260416666666666,0.67578125,0.5843750000000001,0.31171875,-0.84375,1.5989583333333335,4.59375,13,2,preferential_attachment
P058,main_lhs_profile,profile_058,upfront_expected,1.05,1.0,1.0,1.05,1,0,"[0.25,1.05]",0,0,1,0.25,3.0,16,0.578125,0.66171875,0.44062500000000004,0.7653645833333333,-1.2604166666666667,4.098958333333333,0.84375,42,5,preferential_attachment
P059,main_lhs_profile,profile_059,upfront_expected,1.4,1.35,1.0,1.4,1,0,"[0.25,1.40]",0,0,1,0.25,3.0,16,0.703125,0.78828125,0.259375,0.6705729166666666,0.28125,1.0260416666666667,5.40625,23,4,preferential_attachment
P060,main_lhs_profile,profile_060,upfront_expected,1.1,1.1,1.05,1.1,1,0,"[0.25,1.10]",0,0,1,0.25,3.0,16,0.4739583333333333,0.60078125,0.209375,0.46744791666666663,-0.96875,1.4427083333333335,2.28125,44,5,ring
P061,main_lhs_profile,profile_061,upfront_expected,1.0,1.0,0.75,1.0,1,0,"[0.25,1.00]",0,0,1,0.25,3.0,16,0.8697916666666666,0.53515625,0.6156250000000001,0.37265625,0.23958333333333326,2.4322916666666665,0.46875,15,7,preferential_attachment
P062,main_lhs_profile,profile_062,upfront_expected,1.05,1.0,,1.05,1,0,"[0.25,1.05]",0,0,1,0.25,3.0,16,0.2864583333333333,0.43671875,0.515625,0.48776041666666664,-1.3645833333333333,4.463541666666667,2.46875,59,5,ring
P063,main_lhs_profile,profile_063,upfront_expected,1.05,1.0,1.0,1.05,1,0,"[0.25,1.05]",0,0,1,0.25,3.0,16,0.640625,0.49296874999999996,0.5406250000000001,0.3184895833333333,0.48958333333333326,2.2760416666666665,3.28125,41,3,preferential_attachment
P064,main_lhs_profile,profile_064,upfront_expected,0.85,0.8,0.8,0.85,1,0,"[0.25,0.85]",0,0,1,0.25,3.0,16,0.015625,0.46015625,0.43437500000000007,0.2643229166666667,0.46875,5.348958333333333,4.46875,39,2,ring
P065,main_lhs_profile,profile_065,upfront_expected,2.5,2.25,1.25,2.5,1,0,"[0.25,2.50]",0,0,1,0.25,3.0,16,0.8385416666666666,0.60546875,0.659375,0.7856770833333333,-0.53125,2.223958333333333,4.71875,28,1,small_world
P066,main_lhs_profile,profile_066,upfront_expected,1.4,1.3,1.0,1.4,1,0,"[0.25,1.40]",0,0,1,0.25,3.0,16,0.7760416666666666,0.63828125,0.796875,0.35911458333333335,-0.7395833333333334,5.296875,4.09375,55,1,ring
P067,main_lhs_profile,profile_067,upfront_expected,1.0,0.75,0.75,1.0,1,0,"[0.25,1.00]",0,0,1,0.25,3.0,16,0.19270833333333334,0.50234375,0.753125,0.21015625000000002,0.03125,3.2135416666666665,1.96875,48,4,ring
P068,main_lhs_profile,profile_068,upfront_expected,0.9,0.85,0.75,0.9,1,0,"[0.25,0.90]",0,0,1,0.25,3.0,16,0.057291666666666664,0.38984375,0.690625,0.41328125,-0.5104166666666666,5.088541666666667,4.84375,30,4,small_world
P069,main_lhs_profile,profile_069,upfront_expected,1.0,0.75,0.75,1.0,1,0,"[0.25,1.00]",0,0,1,0.25,3.0,16,0.109375,0.62421875,0.40312500000000007,0.5283854166666666,-0.23958333333333326,2.953125,5.28125,11,6,ring
P070,main_lhs_profile,profile_070,upfront_expected,1.05,1.0,0.75,1.05,1,0,"[0.25,1.05]",0,0,1,0.25,3.0,16,0.5052083333333334,0.56328125,0.6843750000000001,0.8466145833333332,-1.1354166666666667,4.567708333333333,1.15625,17,4,ring
P071,main_lhs_profile,profile_071,upfront_expected,1.05,1.0,1.0,1.05,1,0,"[0.25,1.05]",0,0,1,0.25,3.0,16,0.140625,0.74609375,0.4781250000000001,0.5486979166666667,-0.90625,2.9010416666666665,4.96875,42,3,small_world
P072,main_lhs_profile,profile_072,upfront_expected,2.8,2.0,0.75,2.8,1,0,"[0.25,2.80]",0,0,1,0.25,3.0,20,0.890625,0.49765625,0.784375,0.7789062499999999,-1.4895833333333333,2.5885416666666665,4.28125,45,4,small_world
P073,main_lhs_profile,profile_073,upfront_expected,1.05,1.05,1.05,1.05,1,0,"[0.25,1.05]",0,0,1,0.25,3.0,16,0.8072916666666666,0.55390625,0.353125,0.3388020833333333,-0.19791666666666674,1.7552083333333333,3.15625,49,5,small_world
P074,main_lhs_profile,profile_074,upfront_expected,0.95,0.9,0.9,0.95,1,0,"[0.25,0.95]",0,0,1,0.25,3.0,16,0.4010416666666667,0.58671875,0.39687500000000003,0.3794270833333333,-0.11458333333333326,1.390625,2.03125,54,3,ring
P075,main_lhs_profile,profile_075,upfront_expected,1.35,1.0,1.0,1.35,1,0,"[0.25,1.35]",0,0,1,0.25,3.0,16,0.765625,0.64765625,0.7906250000000001,0.2981770833333333,-0.6145833333333334,3.682291666666667,5.53125,22,3,ring
P076,main_lhs_profile,profile_076,upfront_expected,1.0,1.0,1.0,1.0,1,0,"[0.25,1.00]",0,0,1,0.25,3.0,16,0.18229166666666666,0.63359375,0.278125,0.6773437499999999,0.09375,1.6510416666666667,2.34375,26,3,small_world
P077,main_lhs_profile,profile_077,upfront_expected,0.95,0.9,0.9,0.95,1,0,"[0.25,0.95]",0,0,1,0.25,3.0,16,0.3072916666666667,0.77890625,0.49687500000000007,0.5080729166666667,-0.07291666666666674,5.140625,2.59375,43,7,small_world
P078,main_lhs_profile,profile_078,upfront_expected,3.0,2.5,1.75,3.0,0,0,"[0.25,3.00]",0,1,0,0.25,3.0,12,0.9427083333333334,0.7132812500000001,0.46562500000000007,0.83984375,0.38541666666666674,2.8489583333333335,5.21875,27,2,ring
P079,main_lhs_profile,profile_079,upfront_expected,0.9,0.9,0.9,0.9,1,0,"[0.25,0.90]",0,0,1,0.25,3.0,16,0.4635416666666667,0.74140625,0.34062500000000007,0.2846354166666667,-0.42708333333333326,2.119791666666667,0.09375,46,6,small_world
P080,main_lhs_profile,profile_080,upfront_expected,1.0,0.75,0.75,1.0,1,0,"[0.25,1.00]",0,0,1,0.25,3.0,16,0.036458333333333336,0.47421875,0.6718750000000001,0.4200520833333333,-1.1979166666666667,2.484375,1.59375,38,6,preferential_attachment
P081,main_lhs_profile,profile_081,upfront_expected,1.0,1.0,0.75,1.0,1,0,"[0.25,1.00]",0,0,1,0.25,3.0,16,0.671875,0.7320312500000001,0.6468750000000001,0.4471354166666666,-1.1770833333333333,3.4739583333333335,0.96875,30,4,small_world
P082,main_lhs_profile,profile_082,upfront_expected,1.0,1.0,0.75,1.0,1,0,"[0.25,1.00]",0,0,1,0.25,3.0,16,0.453125,0.72734375,0.234375,0.24401041666666667,0.30208333333333326,1.234375,4.34375,19,5,preferential_attachment
P083,main_lhs_profile,profile_083,upfront_expected,1.05,1.0,0.75,1.05,1,0,"[0.25,1.05]",0,0,1,0.25,3.0,16,0.9322916666666666,0.39453125,0.48437500000000006,0.46067708333333335,0.36458333333333326,5.557291666666667,1.84375,20,1,preferential_attachment
P084,main_lhs_profile,profile_084,upfront_expected,1.15,1.1,1.05,1.15,1,0,"[0.25,1.15]",0,0,1,0.25,3.0,16,0.9114583333333334,0.40859375,0.446875,0.59609375,0.34375,4.776041666666667,1.78125,21,5,preferential_attachment
P085,main_lhs_profile,profile_085,upfront_expected,1.0,0.75,0.75,1.0,1,0,"[0.25,1.00]",0,0,1,0.25,3.0,16,0.005208333333333333,0.53046875,0.628125,0.32526041666666666,0.21875,3.942708333333333,2.78125,32,5,preferential_attachment
P086,main_lhs_profile,profile_086,upfront_expected,1.0,1.0,0.75,1.0,1,0,"[0.25,1.00]",0,0,1,0.25,3.0,16,0.9635416666666666,0.65703125,0.321875,0.75859375,-0.71875,4.307291666666667,0.53125,47,6,small_world
P087,main_lhs_profile,profile_087,upfront_expected,0.95,,,0.95,1,0,"[0.25,0.95]",0,0,1,0.25,3.0,16,0.026041666666666668,0.46953125,0.571875,0.25755208333333335,-1.46875,4.932291666666667,1.71875,57,5,small_world
P088,main_lhs_profile,profile_088,upfront_expected,1.15,1.15,1.05,1.15,1,0,"[0.25,1.15]",0,0,1,0.25,3.0,16,0.828125,0.45546875,0.7406250000000001,0.25078125,-0.59375,3.109375,3.46875,45,6,ring
P089,main_lhs_profile,profile_089,upfront_expected,2.55,2.25,2.0,2.55,1,0,"[0.25,2.55]",0,0,1,0.25,3.0,20,0.859375,0.56796875,0.296875,0.8330729166666666,0.07291666666666674,1.546875,4.78125,36,3,small_world
P090,main_lhs_profile,profile_090,upfront_expected,1.3,1.0,1.0,1.3,1,0,"[0.25,1.30]",0,0,1,0.25,3.0,16,0.6822916666666666,0.48828125,0.33437500000000003,0.7992187499999999,-0.6770833333333334,3.265625,2.15625,34,7,ring
P091,main_lhs_profile,profile_091,upfront_expected,1.15,1.1,1.0,1.15,1,0,"[0.25,1.15]",0,0,1,0.25,3.0,16,0.953125,0.54453125,0.390625,0.33203125,-0.38541666666666674,5.036458333333333,3.59375,19,5,small_world
P092,main_lhs_profile,profile_092,upfront_expected,0.9,0.85,0.85,0.9,1,0,"[0.25,0.90]",0,0,1,0.25,3.0,16,0.16145833333333334,0.64296875,0.49062500000000003,0.5622395833333333,-0.28125,4.984375,1.09375,47,3,small_world
P093,main_lhs_profile,profile_093,upfront_expected,1.0,0.75,0.75,1.0,1,0,"[0.25,1.00]",0,0,1,0.25,3.0,16,0.171875,0.69921875,0.384375,0.6976562499999999,-1.34375,5.244791666666667,0.78125,20,4,ring
P094,main_lhs_profile,profile_094,upfront_expected,1.05,1.0,1.0,1.05,1,0,"[0.25,1.05]",0,0,1,0.25,3.0,16,0.6510416666666666,0.35703124999999997,0.37812500000000004,0.7315104166666666,-0.09375,5.869791666666667,1.21875,29,6,preferential_attachment
P095,main_lhs_profile,profile_095,upfront_expected,1.8,1.5,1.5,1.8,1,0,"[0.25,1.80]",0,0,1,0.25,3.0,16,0.5572916666666666,0.44609374999999996,0.22812500000000002,0.8263020833333332,-0.78125,3.786458333333333,4.40625,38,3,ring
P096,main_lhs_profile,profile_096,upfront_expected,0.9,0.9,0.85,0.9,1,0,"[0.25,0.90]",0,0,1,0.25,3.0,16,0.22395833333333334,0.44140625,0.30312500000000003,0.39973958333333337,-1.0520833333333333,3.994791666666667,1.65625,31,1,preferential_attachment
