scenario,accounting,bootstraps,finite_threshold_bootstraps,probability_no_competitive_region,probability_competitive_through_upper_bound,bootstrap_mean_r_star,bootstrap_median_r_star,bootstrap_r_star_p025,bootstrap_r_star_p975,bootstrap_interval_width
P001,upfront_expected,500,500,0.0,0.0,1.0865,1.1,1.05,1.15,0.09999999999999987
P002,upfront_expected,500,0,1.0,0.0,,,,,
P003,upfront_expected,500,500,0.0,0.0,0.9581,0.95,0.95,1.0,0.050000000000000044
P004,upfront_expected,500,500,0.0,0.0,1.4675,1.45,1.45,1.5,0.050000000000000044
P005,upfront_expected,500,500,0.0,0.0,1.0131000000000001,1.0,1.0,1.1,0.10000000000000009
P006,upfront_expected,500,500,0.0,0.0,1.4442000000000002,1.45,1.35,1.5,0.1499999999999999
P007,upfront_expected,500,500,0.0,0.0,0.9815,1.0,0.75,1.05,0.30000000000000004
P008,upfront_expected,500,500,0.0,0.0,1.0415,1.05,1.0,1.05,0.050000000000000044
P009,upfront_expected,500,500,0.0,0.0,1.2205,1.25,1.0,1.35,0.3500000000000001
P010,upfront_expected,500,500,0.0,0.0,1.1335,1.15,1.1,1.2,0.09999999999999987
P011,upfront_expected,500,500,0.0,0.0,1.2093,1.3,1.0,1.35,0.3500000000000001
P012,upfront_expected,500,500,0.0,0.0,1.0695,1.05,1.0,1.15,0.1499999999999999
P013,upfront_expected,500,500,0.0,0.0,0.895,1.0,0.75,1.0,0.25
P014,upfront_expected,500,500,0.0,0.0,1.0086,1.0,1.0,1.05,0.050000000000000044
P015,upfront_expected,500,500,0.0,0.0,0.9135,0.9,0.9,0.95,0.04999999999999993
P016,upfront_expected,500,500,0.0,0.0,1.1142,1.1,1.05,1.15,0.09999999999999987
P017,upfront_expected,500,500,0.0,0.0,0.9588,1.0,0.75,1.0,0.25
P018,upfront_expected,500,500,0.0,0.0,1.2,1.2,1.05,1.25,0.19999999999999996
P019,upfront_expected,500,276,0.448,0.0,0.9626811594202899,0.95,0.95,1.0,0.050000000000000044
P020,upfront_expected,500,500,0.0,0.0,0.9143,0.9,0.9,0.95,0.04999999999999993
P021,upfront_expected,500,500,0.0,0.0,0.9658,0.95,0.9,1.0,0.09999999999999998
P022,upfront_expected,500,500,0.0,0.0,1.3892,1.4,1.35,1.45,0.09999999999999987
P023,upfront_expected,500,500,0.0,0.0,0.9969,1.0,1.0,1.05,0.050000000000000044
P024,upfront_expected,500,500,0.0,0.0,0.9455,1.0,0.75,1.0,0.25
P025,upfront_expected,500,500,0.0,0.0,1.6405,1.7,1.25,2.0,0.75
P026,upfront_expected,500,205,0.59,0.0,0.75,0.75,0.75,0.75,0.0
P027,upfront_expected,500,500,0.0,0.0,0.9922000000000001,1.0,0.75,1.0,0.25
P028,upfront_expected,500,500,0.0,0.0,1.185,1.2,1.1,1.2,0.09999999999999987
P029,upfront_expected,500,0,1.0,0.0,,,,,
P030,upfront_expected,500,500,0.0,0.0,1.1565,1.15,1.05,1.25,0.19999999999999996
P031,upfront_expected,500,500,0.0,0.0,1.304,1.3,1.3,1.35,0.050000000000000044
P032,upfront_expected,500,500,0.0,0.0,0.9440999999999999,0.95,0.9,0.95,0.04999999999999993
P033,upfront_expected,500,500,0.0,0.0,1.0485,1.05,1.0,1.05,0.050000000000000044
P034,upfront_expected,500,500,0.0,0.0,1.0532000000000001,1.05,1.05,1.1,0.050000000000000044
P035,upfront_expected,500,500,0.0,0.0,0.95,0.95,0.9,1.0,0.09999999999999998
P036,upfront_expected,500,500,0.0,0.0,0.9424,0.9,0.9,1.0,0.09999999999999998
P037,upfront_expected,500,500,0.0,0.0,1.4257,1.45,1.4,1.45,0.050000000000000044
P038,upfront_expected,500,500,0.0,0.0,0.9788,1.0,0.75,1.0,0.25
P039,upfront_expected,500,500,0.0,0.0,1.3969,1.5,1.25,1.6,0.3500000000000001
P040,upfront_expected,500,500,0.0,0.0,1.2676,1.3,1.0,1.3,0.30000000000000004
P041,upfront_expected,500,500,0.0,0.0,1.1452,1.15,1.1,1.2,0.09999999999999987
P042,upfront_expected,500,500,0.0,0.0,0.999,1.0,1.0,1.0,0.0
P043,upfront_expected,500,500,0.0,0.0,0.945,1.0,0.75,1.0,0.25
P044,upfront_expected,500,0,1.0,0.0,,,,,
P045,upfront_expected,500,500,0.0,0.0,1.0107000000000002,1.0,1.0,1.05,0.050000000000000044
P046,upfront_expected,500,500,0.0,0.0,1.4223999999999999,1.4,1.3,1.5,0.19999999999999996
P047,upfront_expected,500,500,0.0,0.0,1.7715,1.75,1.5,2.0,0.5
P048,upfront_expected,500,500,0.0,0.0,1.1282999999999999,1.15,1.05,1.2,0.1499999999999999
P049,upfront_expected,500,500,0.0,0.0,0.9143,0.9,0.9,0.95,0.04999999999999993
P050,upfront_expected,500,500,0.0,0.0,1.0683,1.05,1.05,1.1,0.050000000000000044
P051,upfront_expected,500,500,0.0,0.0,1.0488,1.05,1.0,1.1,0.10000000000000009
P052,upfront_expected,500,500,0.0,0.0,1.0364,1.05,1.0,1.05,0.050000000000000044
P053,upfront_expected,500,500,0.0,0.0,1.3760999999999999,1.4,1.0,1.5,0.5
P054,upfront_expected,500,500,0.0,0.0,1.3736000000000002,1.35,1.3,1.45,0.1499999999999999
P055,upfront_expected,500,461,0.078,0.0,0.9002169197396963,0.9,0.9,0.9,0.0
P056,upfront_expected,500,500,0.0,0.0,0.9622,1.0,0.75,1.0,0.25
P057,upfront_expected,500,500,0.0,0.0,1.0729000000000002,1.05,1.0,1.15,0.1499999999999999
P058,upfront_expected,500,500,0.0,0.0,1.0533,1.05,1.0,1.1,0.10000000000000009
P059,upfront_expected,500,500,0.0,0.0,1.3933,1.4,1.35,1.5,0.1499999999999999
P060,upfront_expected,500,500,0.0,0.0,1.1088,1.1,1.1,1.15,0.04999999999999982
P061,upfront_expected,500,500,0.0,0.0,1.0205,1.0,1.0,1.05,0.050000000000000044
P062,upfront_expected,500,500,0.0,0.0,1.0381000000000002,1.05,1.0,1.05,0.050000000000000044
P063,upfront_expected,500,500,0.0,0.0,1.0277,1.05,1.0,1.05,0.050000000000000044
P064,upfront_expected,500,500,0.0,0.0,0.8541,0.85,0.8,0.9,0.09999999999999998
P065,upfront_expected,500,500,0.0,0.054,2.6165,2.75,2.25,3.0,0.75
P066,upfront_expected,500,500,0.0,0.0,1.3908,1.4,1.3,1.45,0.1499999999999999
P067,upfront_expected,500,500,0.0,0.0,0.873,0.75,0.75,1.0,0.25
P068,upfront_expected,500,500,0.0,0.0,0.9144,0.9,0.85,1.0,0.15000000000000002
P069,upfront_expected,500,500,0.0,0.0,0.924,1.0,0.75,1.0,0.25
P070,upfront_expected,500,500,0.0,0.0,1.0748,1.05,1.0,1.2,0.19999999999999996
P071,upfront_expected,500,500,0.0,0.0,1.0399,1.05,1.0,1.1,0.10000000000000009
P072,upfront_expected,500,500,0.0,0.23,2.6545,2.6,2.0,3.0,1.0
P073,upfront_expected,500,500,0.0,0.0,1.0689000000000002,1.05,1.05,1.1,0.050000000000000044
P074,upfront_expected,500,500,0.0,0.0,0.9298,0.95,0.9,0.95,0.04999999999999993
P075,upfront_expected,500,500,0.0,0.0,1.2972000000000001,1.35,1.25,1.35,0.10000000000000009
P076,upfront_expected,500,500,0.0,0.0,1.0067000000000002,1.0,1.0,1.05,0.050000000000000044
P077,upfront_expected,500,500,0.0,0.0,0.9485999999999999,0.95,0.9,0.95,0.04999999999999993
P078,upfront_expected,500,500,0.0,0.566,2.781,3.0,2.5,3.0,0.5
P079,upfront_expected,500,500,0.0,0.0,0.9072,0.9,0.9,0.95,0.04999999999999993
P080,upfront_expected,500,500,0.0,0.0,0.8784,1.0,0.75,1.05,0.30000000000000004
P081,upfront_expected,500,500,0.0,0.0,1.0122,1.0,1.0,1.05,0.050000000000000044
P082,upfront_expected,500,500,0.0,0.0,1.0237,1.0,1.0,1.05,0.050000000000000044
P083,upfront_expected,500,500,0.0,0.0,1.0418,1.05,1.0,1.1,0.10000000000000009
P084,upfront_expected,500,500,0.0,0.0,1.1458,1.15,1.1,1.2,0.09999999999999987
P085,upfront_expected,500,500,0.0,0.0,0.902,1.0,0.75,1.0,0.25
P086,upfront_expected,500,500,0.0,0.0,0.9974,1.0,1.0,1.0,0.0
P087,upfront_expected,500,293,0.414,0.0,0.9540955631399318,0.95,0.95,1.0,0.050000000000000044
P088,upfront_expected,500,500,0.0,0.0,1.1728999999999998,1.15,1.15,1.25,0.10000000000000009
P089,upfront_expected,500,500,0.0,0.0,2.4779,2.55,2.25,2.75,0.5
P090,upfront_expected,500,500,0.0,0.0,1.2644000000000002,1.3,1.0,1.3,0.30000000000000004
P091,upfront_expected,500,500,0.0,0.0,1.1255,1.15,1.1,1.15,0.04999999999999982
P092,upfront_expected,500,500,0.0,0.0,0.8891,0.9,0.85,0.9,0.050000000000000044
P093,upfront_expected,500,500,0.0,0.0,0.9607,1.0,0.75,1.05,0.30000000000000004
P094,upfront_expected,500,500,0.0,0.0,1.0434,1.05,1.0,1.1,0.10000000000000009
P095,upfront_expected,500,500,0.0,0.0,1.685,1.8,1.5,1.9,0.3999999999999999
P096,upfront_expected,500,500,0.0,0.0,0.9142,0.9,0.9,0.95,0.04999999999999993
