scenario,factor,level,accounting,r,network_type,market_sociality,fit_mean,status_mean,uncertainty_mean,beta_0,beta_individual,beta_social,budget_limit,seed_adopters,description,replicates,mean_delta,sd_delta,mcse_delta,ci95_lower,ci95_upper,median_delta,p10_delta,p90_delta,probability_referral_higher,probability_equal,probability_referral_not_lower,mean_delta_allocated_efficiency,mean_direct_new_adoptions,mean_direct_attempts_started,mean_direct_failed_attempts,mean_direct_exposures_delivered,mean_direct_evaluation_events,mean_direct_cost_spent,mean_direct_unused_budget,mean_direct_cost_per_effective_exposure,mean_direct_cost_per_new_adopter,mean_direct_exposures_per_attempt,mean_direct_adoptions_per_exposure,mean_direct_adoptions_per_budget_unit,mean_direct_takeoff,mean_direct_extinction,mean_direct_max_cascade_depth,mean_direct_largest_referral_cascade,mean_direct_cascade_reach,mean_direct_time_to_first_new_adoption,mean_direct_mean_time_to_adoption,mean_direct_time_to_takeoff,mean_direct_eligible_sources_seen,mean_direct_eligible_neighbors_found,mean_direct_unavailable_opportunities,mean_direct_requests_accepted,mean_referral_new_adoptions,mean_referral_attempts_started,mean_referral_failed_attempts,mean_referral_exposures_delivered,mean_referral_evaluation_events,mean_referral_cost_spent,mean_referral_unused_budget,mean_referral_cost_per_effective_exposure,mean_referral_cost_per_new_adopter,mean_referral_exposures_per_attempt,mean_referral_adoptions_per_exposure,mean_referral_adoptions_per_budget_unit,mean_referral_takeoff,mean_referral_extinction,mean_referral_max_cascade_depth,mean_referral_largest_referral_cascade,mean_referral_cascade_reach,mean_referral_time_to_first_new_adoption,mean_referral_mean_time_to_adoption,mean_referral_time_to_takeoff,mean_referral_eligible_sources_seen,mean_referral_eligible_neighbors_found,mean_referral_unavailable_opportunities,mean_referral_requests_accepted
P001,main_lhs_profile,profile_001,upfront_expected,1.2,preferential_attachment,0.4947916666666667,0.7835937500000001,0.7593750000000001,0.5216145833333333,-1.0104166666666667,2.6927083333333335,2.90625,53.0,4,,400,-0.4425,2.554997805177365,0.12774989025886824,-0.692885183936326,-0.19211481606367398,0.0,-3.0999999999999943,3.0,0.3375,0.2125,0.55,-0.008349056603773585,5.8725,53.0,25.6875,27.3125,31.7025,53.0,0.0,1.9750383287683084,12.57168813478188,0.5153301886792457,0.2137057716841592,0.11080188679245287,0.115,0.665,0.0,0.0,0.0,5.57,14.58987014374515,23.76086956521739,0.0,0.0,0.0,0.0,5.43,44.0,21.76,22.24,25.9275,52.799999999999606,0.1999999999999602,2.4283692512521475,13.0787114737115,0.5054545454545453,0.24280933215386455,0.10284090909090912,0.0875,0.9125,1.89,2.7125,4.615,5.257575757575758,12.3669738755913,19.857142857142858,214.6525,28.0425,0.0,35.4075
P002,main_lhs_profile,profile_002,upfront_expected,1.2,small_world,0.8177083333333334,0.42734375,0.240625,0.6908854166666667,0.01041666666666674,4.828125,0.59375,60.0,2,,400,-4.6325,4.287002417110442,0.21435012085552213,-5.052618516958631,-4.212381483041369,-4.0,-10.0,1.0,0.1125,0.0425,0.155,-0.07720833333333334,20.5525,60.0,29.525,30.475,36.8175,60.0,0.0,2.001655411934026,3.0836167690826324,0.5079166666666668,0.6719370172366094,0.34254166666666647,0.9975,0.0,0.0,0.0,0.0,2.1425,16.416218947863403,16.43859649122807,0.0,0.0,0.0,0.0,15.92,50.0,26.3525,23.6475,27.3825,60.00000000000001,0.0,2.595314028681253,3.972466680546532,0.4729500000000006,0.6748643629108052,0.2653333333333328,0.975,0.025,3.8575,9.49,13.8975,2.0625,12.832786382138089,15.28974358974359,332.27,29.465,0.0,39.975
P003,main_lhs_profile,profile_003,upfront_expected,1.2,ring,0.21354166666666666,0.75078125,0.6031250000000001,0.71796875,-0.36458333333333326,3.838541666666667,0.28125,40.0,8,,400,-2.28,3.096865583312062,0.1548432791656031,-2.5834872504126634,-1.9765127495873365,-2.0,-6.0,1.0,0.17,0.1075,0.2775,-0.056999999999999995,11.7325,40.0,19.6975,20.3025,23.4575,40.0,0.0,2.0212168219326845,3.7766884783603056,0.5075624999999997,0.575315496051141,0.2933125000000001,0.755,0.245,0.0,0.0,0.0,2.33,10.92438392590812,15.764900662251655,0.0,0.0,0.0,0.0,9.4525,33.0,16.275,16.725,19.07,39.60000000000025,0.39999999999998864,2.437990167268463,4.732144586296061,0.5068181818181821,0.5639014979044007,0.23869949494949488,0.4925,0.5075,2.25,3.435,8.4,2.3575,9.090618862958937,14.101522842639595,437.5075,20.9725,0.0,26.3225
P004,main_lhs_profile,profile_004,upfront_expected,1.2,ring,0.6302083333333334,0.55859375,0.328125,0.7721354166666665,-0.9270833333333334,5.817708333333333,3.09375,29.0,2,,400,1.165,2.3763190506698466,0.11881595253349234,0.9321250122455345,1.3978749877544656,1.0,-2.0,4.0,0.6025,0.185,0.7875,0.04017241379310345,3.9325,29.0,14.255,14.745,16.0225,29.0,0.0,2.037765433642142,10.235512374555206,0.5084482758620688,0.26615180141355876,0.13560344827586224,0.0075,0.9925,0.0,0.0,0.0,4.0705289672544085,8.00782255807445,13.666666666666666,0.0,0.0,0.0,0.0,5.0975,24.0,11.995,12.005,14.4125,28.799999999999883,0.20000000000001136,2.505632673209144,7.635855457673657,0.5002083333333331,0.4215475100879513,0.17699652777777777,0.045,0.955,1.9825,3.28,4.215,3.292929292929293,7.061104033452517,11.5,176.665,15.06,0.0,19.115
P005,main_lhs_profile,profile_005,upfront_expected,1.2,preferential_attachment,0.328125,0.41796875,0.7468750000000002,0.38619791666666664,-0.01041666666666674,1.9114583333333333,3.90625,10.0,7,,400,-0.24,1.0841302255101375,0.05420651127550687,-0.34624280982755784,-0.13375719017244217,0.0,-2.0,1.0,0.1825,0.51,0.6925,-0.024,1.5125,10.0,4.9425,5.0575,5.255,10.0,0.0,2.281061507936508,6.636752136752134,0.5057499999999997,0.2928601190476193,0.15125000000000052,0.0,1.0,0.0,0.0,0.0,2.4615384615384617,3.0918269230769235,,0.0,0.0,0.0,0.0,1.2725,8.0,3.945,4.055,4.305,9.599999999999937,0.40000000000000296,2.806464646464645,6.80515254237286,0.506875,0.31991369047619045,0.1325520833333333,0.0,1.0,0.7975,0.84,1.2025,2.0203389830508476,2.458418079096045,,244.965,5.025,0.0,6.3225
P006,main_lhs_profile,profile_006,upfront_expected,1.2,small_world,0.6927083333333334,0.47890625,0.640625,0.6502604166666666,-1.21875,5.453125,3.78125,58.0,7,,400,0.545,1.7708231239570067,0.08854115619785033,0.371462522702678,0.7185374772973221,0.0,-1.0,3.0,0.48,0.265,0.745,0.009396551724137931,1.9675,58.0,28.325,29.675,31.31,58.0,0.0,1.9876123643259396,33.80232100896755,0.5116379310344827,0.06555452318318561,0.03392241379310354,0.0,0.7675,0.0,0.0,0.0,11.145015105740182,15.445211720136186,,0.0,0.0,0.0,0.0,2.5125,48.0,23.4275,24.5725,26.36,57.599999999999774,0.39999999999994884,2.3962076464187816,29.316283258289076,0.5119270833333327,0.10045621475906817,0.0436197916666665,0.0,1.0,1.1175,1.345,2.3025,8.42406876790831,12.973180743166411,,252.3625,30.5525,0.0,38.4825
P007,main_lhs_profile,profile_007,upfront_expected,1.2,preferential_attachment,0.421875,0.51640625,0.5781250000000001,0.5013020833333333,-1.1145833333333333,5.921875,2.65625,53.0,6,,400,-0.8725,2.7082430098684376,0.13541215049342187,-1.1379029380362247,-0.6070970619637754,-1.0,-4.0,3.0,0.315,0.13,0.445,-0.016462264150943397,5.765,53.0,26.05,26.95,31.09,53.0,0.0,2.004614703787911,12.001470000053116,0.5084905660377355,0.21243282330397048,0.10877358490566046,0.1,0.65,0.0,0.0,0.0,5.347607052896725,14.36223356478395,24.5,0.0,0.0,0.0,0.0,4.8925,44.0,21.8375,22.1625,25.73,52.799999999999606,0.1999999999999602,2.444538587821826,14.844127660752378,0.5036931818181819,0.22037746488798973,0.09266098484848496,0.0475,0.9525,1.66,2.275,4.2825,5.292191435768262,11.505219255974922,19.473684210526315,270.05,27.7525,0.0,34.9575
P008,main_lhs_profile,profile_008,upfront_expected,1.2,preferential_attachment,0.09895833333333333,0.67109375,0.428125,0.30494791666666665,-0.9895833333333334,2.015625,3.03125,21.0,4,,400,-0.625,1.7180670493216823,0.08590335246608412,-0.7933674769847749,-0.45663252301522506,0.0,-3.0,1.0,0.23,0.2775,0.5075,-0.02976190476190476,4.1375,21.0,10.2925,10.7075,11.5025,21.0,0.0,2.0925694630124827,6.615166897400394,0.5098809523809524,0.3848808303624481,0.19702380952380996,0.0025,0.9975,0.0,0.0,0.0,2.8553299492385786,5.8972302795906835,10.0,0.0,0.0,0.0,0.0,3.5125,17.0,8.255,8.745,9.81,20.39999999999985,0.6000000000000014,2.482589735264729,7.552239185750624,0.5144117647058828,0.40103789266289297,0.17218137254901994,0.0,1.0,1.5325,2.0475,3.1875,2.669211195928753,4.881418877983763,,207.915,10.85,0.0,13.6225
P009,main_lhs_profile,profile_009,upfront_expected,1.2,ring,0.5364583333333334,0.40390624999999997,0.534375,0.51484375,-1.2395833333333333,2.7447916666666665,2.96875,23.0,2,,400,0.135,1.1532997228069408,0.05766498614034704,0.021978703995918433,0.24802129600408157,0.0,-1.0,2.0,0.3225,0.44,0.7625,0.005869565217391305,1.3675,23.0,11.265,11.735,12.165,23.0,0.0,2.06392395593527,15.55275862068965,0.510217391304348,0.11608806638837618,0.059456521739130436,0.0,1.0,0.0,0.0,0.0,4.941379310344828,6.37844827586207,,0.0,0.0,0.0,0.0,1.5025,19.0,9.3,9.7,10.72,22.80000000000004,0.20000000000000426,2.503894959207453,14.786588655940228,0.5105263157894733,0.15530094905094935,0.06589912280701771,0.0,1.0,0.94,1.1775,1.33,4.208191126279863,5.456078335771169,,96.635,12.15,0.0,15.095
P010,main_lhs_profile,profile_010,upfront_expected,1.2,preferential_attachment,0.9010416666666666,0.7742187500000001,0.7656250000000002,0.43359375,-0.48958333333333326,1.703125,1.90625,33.0,8,,400,-0.195,2.293496307667228,0.1146748153833614,-0.4197585080851681,0.029758508085168084,0.0,-3.0,2.0,0.395,0.215,0.61,-0.005909090909090909,5.255,33.0,16.02,16.98,18.995,33.0,0.0,2.003435655743114,8.338939381420575,0.5145454545454541,0.30865743240677473,0.15924242424242446,0.04,0.96,0.0,0.0,0.0,3.7393483709273183,9.060507683627986,16.1875,0.0,0.0,0.0,0.0,5.06,27.0,13.3025,13.6975,16.105,32.39999999999977,0.6000000000000151,2.464936959673449,8.61663798701299,0.5073148148148148,0.3680861354310461,0.15617283950617286,0.0425,0.9575,1.5375,2.0125,4.2825,3.3875,7.616175865800867,13.470588235294118,352.2425,17.175,0.0,21.5975
P011,main_lhs_profile,profile_011,upfront_expected,1.2,small_world,0.9947916666666666,0.6664062500000001,0.6781250000000001,0.29140625,-1.4270833333333333,4.515625,3.71875,26.0,3,,400,0.1025,1.349647220220017,0.06748236101100084,-0.029762997173291603,0.23476299717329158,0.0,-1.0,2.0,0.3125,0.375,0.6875,0.003942307692307692,1.5125,26.0,12.6,13.4,13.95,26.0,0.0,2.0080041522589935,17.653207150368036,0.5153846153846154,0.11354891199057235,0.05817307692307703,0.0,1.0,0.0,0.0,0.0,5.5678233438485805,7.008044164037857,,0.0,0.0,0.0,0.0,1.615,21.0,10.2025,10.7975,11.4925,25.20000000000003,0.8000000000000109,2.445742333401885,16.341580645161258,0.5141666666666665,0.14800031524847732,0.06408730158730182,0.0,1.0,0.975,1.1775,1.515,4.5,5.870683563748081,,128.735,13.4625,0.0,16.785
P012,main_lhs_profile,profile_012,upfront_expected,1.2,ring,0.7552083333333334,0.57265625,0.703125,0.2033854166666667,-1.40625,4.255208333333333,3.34375,37.0,8,,400,-0.25,1.5438454089113136,0.07719227044556567,-0.40129406995818434,-0.09870593004181566,0.0,-2.0,1.0,0.3025,0.295,0.5975,-0.006756756756756757,2.375,37.0,18.1825,18.8175,20.0925,37.0,0.0,2.024366909323744,19.421777003484294,0.508581081081081,0.12648851672210387,0.06418918918918914,0.0,1.0,0.0,0.0,0.0,6.585365853658536,9.798012646793133,,0.0,0.0,0.0,0.0,2.125,30.0,14.92,15.08,16.0375,36.0,1.0,2.480146554549227,20.09072039072038,0.502666666666666,0.13991435912896596,0.05902777777777797,0.0,1.0,1.0675,1.2025,1.975,5.47008547008547,7.820879120879123,,286.8725,19.0375,0.0,23.88
P013,main_lhs_profile,profile_013,upfront_expected,1.2,small_world,0.203125,0.52109375,0.28437500000000004,0.6096354166666667,-1.4479166666666667,4.359375,1.46875,24.0,8,,400,-0.9075,2.0308260353769625,0.10154130176884812,-1.1065172944102555,-0.7084827055897444,-1.0,-3.0999999999999943,1.0,0.26,0.15,0.41,-0.0378125,4.905,24.0,11.555,12.445,13.6475,24.0,0.0,2.0168822119572827,6.415419086775868,0.5185416666666667,0.39044603745068185,0.2043749999999999,0.03,0.97,0.0,0.0,0.0,2.9145728643216082,6.708374756176261,11.0,0.0,0.0,0.0,0.0,3.9975,20.0,9.71,10.29,11.12,23.999999999999996,7.105427357601002e-15,2.4677088989441835,8.077874530532771,0.5145000000000003,0.3861451963069613,0.16656249999999997,0.0075,0.9925,1.445,1.8575,3.7325,2.8253164556962025,5.617841300752697,9.333333333333334,337.17,12.81,0.0,16.03
P014,main_lhs_profile,profile_014,upfront_expected,1.2,preferential_attachment,0.3177083333333333,0.43203125,0.5218750000000001,0.7111979166666667,0.05208333333333326,1.8072916666666667,3.21875,46.0,2,,400,-1.4175,3.513410577304022,0.1756705288652011,-1.761807909720898,-1.073192090279102,-1.0,-6.0,2.0,0.2925,0.14,0.4325,-0.03081521739130435,10.1825,46.0,22.57,23.43,28.2875,46.0,0.0,2.0092121662864573,5.4411163098024495,0.5093478260869562,0.43120794617791425,0.22135869565217436,0.5425,0.4575,0.0,0.0,0.0,3.225,12.857841089684445,18.82488479262673,0.0,0.0,0.0,0.0,8.765,38.0,19.205,18.795,22.1175,45.60000000000008,0.39999999999997726,2.4916873387127154,6.149411406730508,0.4946052631578947,0.46786946947895525,0.19221491228070128,0.3925,0.6075,2.755,5.32,7.415,2.9075,10.350138113402334,16.254777070063696,231.25,23.55,0.0,30.26
P015,main_lhs_profile,profile_015,upfront_expected,1.2,ring,0.5885416666666666,0.68515625,0.25312500000000004,0.21692708333333335,-1.03125,3.734375,0.40625,35.0,4,,400,-2.32,3.1002627425238822,0.1550131371261941,-2.623820165897909,-2.0161798341020907,-2.0,-6.0,2.0,0.1775,0.085,0.2625,-0.06628571428571428,11.895,35.0,16.695,18.305,20.815,35.0,0.0,1.9649955469426394,3.182940859987107,0.5230000000000002,0.6464339667120274,0.33985714285714314,0.7575,0.2425,0.0,0.0,0.0,2.0325,9.642785684613372,13.788778877887788,0.0,0.0,0.0,0.0,9.575,29.0,14.415,14.585,16.7825,34.79999999999978,0.20000000000000284,2.4757679274017086,3.958220550283041,0.5029310344827589,0.656870391459619,0.27514367816091917,0.495,0.505,2.555,4.6525,8.4425,2.05,8.024281361000114,12.535353535353535,330.2275,18.2475,0.0,23.3475
P016,main_lhs_profile,profile_016,upfront_expected,1.2,ring,0.4322916666666667,0.36640625,0.596875,0.23723958333333334,-1.0729166666666667,1.4947916666666665,4.03125,25.0,2,,400,-0.1675,1.2741673776492883,0.06370836888246442,-0.2923661085234226,-0.04263389147657745,0.0,-2.0,1.0,0.205,0.4875,0.6925,-0.0067,2.165,25.0,12.175,12.825,13.5,25.0,0.0,2.0223574716584585,14.174674389011564,0.513,0.16667003645863954,0.0865999999999996,0.0025,0.9975,0.0,0.0,0.0,4.844380403458214,6.932579188342879,12.0,0.0,0.0,0.0,0.0,1.9975,20.0,9.78,10.22,11.4575,23.999999999999996,1.000000000000001,2.47239726939726,13.485130002921418,0.5109999999999999,0.19501905733155747,0.08322916666666666,0.0,1.0,1.1075,1.4225,1.74,4.199386503067485,5.775001217255818,,108.09,12.745,0.0,15.98
P017,main_lhs_profile,profile_017,upfront_expected,1.2,preferential_attachment,0.984375,0.69453125,0.37187500000000007,0.45390625,-0.21875,4.671875,0.65625,14.0,2,,400,-0.86,1.8625446791162517,0.09312723395581259,-1.0425260245332282,-0.6774739754667718,-1.0,-3.0,1.0,0.225,0.24,0.465,-0.06142857142857143,4.5475,14.0,6.81,7.19,7.5925,14.0,0.0,2.1209570707070675,3.8448784325668695,0.5135714285714286,0.6316928210678207,0.3248214285714286,0.005,0.995,0.0,0.0,0.0,1.9597989949748744,4.17106337966891,7.0,0.0,0.0,0.0,0.0,3.6875,11.0,5.4575,5.5425,5.8925,13.199999999999902,0.8000000000000069,2.7016523809523774,4.522475463467835,0.5038636363636368,0.6666001984126987,0.2793560606060605,0.0,1.0,1.7775,2.6225,3.4725,1.8575063613231553,3.3661486732097416,,158.045,6.9825,0.0,8.7875
P018,main_lhs_profile,profile_018,upfront_expected,1.2,ring,0.7864583333333334,0.61484375,0.6218750000000001,0.6164062499999999,-0.7604166666666666,5.661458333333333,2.40625,12.0,2,,400,0.0775,1.187442123639077,0.059372106181953856,-0.03886718980291745,0.19386718980291745,0.0,-1.0,2.0,0.2825,0.4425,0.725,0.006458333333333333,1.1475,12.0,5.66,6.34,6.52,12.0,0.0,2.085395021645016,8.717818181818183,0.5283333333333334,0.1803254870129871,0.09562500000000002,0.0,1.0,0.0,0.0,0.0,2.869090909090909,3.4559393939393934,,0.0,0.0,0.0,0.0,1.225,10.0,4.8025,5.1975,5.62,11.999999999999998,1.7763568394002505e-15,2.6372619047618993,8.736183524504693,0.5197500000000002,0.23190773809523854,0.10208333333333332,0.0,1.0,0.82,0.9775,1.1225,2.5145985401459856,3.0592805005213775,,92.815,6.4625,0.0,7.98
P019,main_lhs_profile,profile_019,upfront_expected,1.2,preferential_attachment,0.078125,0.36171875,0.734375,0.49453125,-0.13541666666666674,3.890625,5.09375,58.0,7,,400,-1.225,2.6939782473124168,0.13469891236562084,-1.489005016993334,-0.9609949830066663,-1.0,-5.0,2.0,0.275,0.14,0.415,-0.021120689655172414,6.3075,58.0,28.255,29.745,34.33,58.0,0.0,1.985721676208027,12.403279317904314,0.5128448275862065,0.21167663108403803,0.10874999999999989,0.1475,0.435,0.0,0.0,0.0,4.9675,15.055749708624703,25.779661016949152,0.0,0.0,0.0,0.0,5.0825,48.0,23.815,24.185,28.66,57.599999999999774,0.39999999999994884,2.4341457951482064,14.844410942592779,0.5038541666666668,0.21051384569271062,0.08823784722222212,0.045,0.95,1.585,2.12,4.3075,5.085858585858586,12.513965818132483,19.72222222222222,297.1025,30.385,0.0,38.4025
P020,main_lhs_profile,profile_020,upfront_expected,1.2,small_world,0.15104166666666666,0.51171875,0.27187500000000003,0.36588541666666663,-1.3020833333333333,4.203125,2.71875,51.0,7,,400,-2.795,3.6333149386763903,0.1816657469338195,-3.1510583212148537,-2.438941678785146,-3.0,-8.0,1.0,0.165,0.105,0.27,-0.05480392156862745,12.71,51.0,24.8375,26.1625,31.6875,51.0,0.0,1.9843574789202763,4.396427958006905,0.5129901960784313,0.48451796535275626,0.2492156862745103,0.8175,0.1625,0.0,0.0,0.0,2.6325,13.834247874083696,19.146788990825687,0.0,0.0,0.0,0.0,9.915,42.0,20.62,21.38,24.6875,50.40000000000006,0.5999999999999659,2.41226103850057,5.621184232176484,0.509047619047619,0.46497095308669517,0.19672619047619025,0.56,0.44,2.385,3.7975,8.7575,2.5175,11.300359468951678,17.361607142857142,394.6625,26.7225,0.0,33.595
P021,main_lhs_profile,profile_021,upfront_expected,1.2,ring,0.359375,0.37109375,0.6656250000000001,0.27109375,-0.8645833333333334,4.151041666666667,1.40625,43.0,8,,400,-0.6525,1.683397849826952,0.0841698924913476,-0.8174699578656496,-0.48753004213435036,-1.0,-3.0,1.0,0.25,0.2225,0.4725,-0.015174418604651163,3.155,43.0,21.2675,21.7325,23.56,43.0,0.0,2.0233117458466885,18.236700054864116,0.5054069767441862,0.14616231845707361,0.07337209302325555,0.0025,0.9975,0.0,0.0,0.0,6.265625,11.322601667718857,21.0,0.0,0.0,0.0,0.0,2.5025,35.0,17.2525,17.7475,19.155,42.00000000000001,0.9999999999999954,2.4349517995885592,20.88407202216065,0.5070714285714284,0.14062483920663116,0.05958333333333344,0.0,1.0,1.14,1.36,2.31,5.728531855955679,9.133963197467358,,291.5525,22.37,0.0,28.0825
P022,main_lhs_profile,profile_022,upfront_expected,1.2,ring,0.8489583333333334,0.6898437500000001,0.565625,0.4809895833333333,-0.44791666666666674,5.765625,4.53125,34.0,4,,400,1.0225,2.9374419420487734,0.14687209710243868,0.7346359793453505,1.3103640206546494,1.0,-2.0999999999999943,5.0,0.565,0.1375,0.7025,0.030073529411764704,4.6675,34.0,16.7425,17.2575,19.1375,34.0,0.0,2.0271822649794915,10.251787370792474,0.507573529411765,0.26618158593371544,0.1372794117647062,0.055,0.945,0.0,0.0,0.0,4.387755102040816,9.443336885620052,16.272727272727273,0.0,0.0,0.0,0.0,5.69,28.0,14.0975,13.9025,16.2225,33.60000000000023,0.4000000000000057,2.5090590028650404,8.38471942834661,0.4965178571428572,0.4063115169788932,0.16934523809523874,0.085,0.915,1.95,2.9475,4.74,3.4836272040302267,8.079451796454311,12.911764705882353,243.995,17.5625,0.0,22.2625
P023,main_lhs_profile,profile_023,upfront_expected,1.2,preferential_attachment,0.13020833333333334,0.46484375,0.309375,0.6028645833333333,-0.17708333333333326,3.0052083333333335,5.78125,40.0,7,,400,-1.84,3.4914001040724036,0.17457000520362018,-2.1821509229800653,-1.4978490770199346,-2.0,-6.0,2.0,0.2625,0.09,0.3525,-0.046,11.7625,40.0,19.3925,20.6075,24.13,40.0,0.0,1.9873799138548136,3.7374490686696213,0.5151875000000005,0.5700087595134086,0.29406249999999984,0.7375,0.2625,0.0,0.0,0.0,2.335,11.188609863181172,15.952542372881355,0.0,0.0,0.0,0.0,9.9225,33.0,16.5625,16.4375,19.5675,39.60000000000025,0.39999999999998864,2.482308152562211,4.461098915132858,0.4981060606060611,0.6027931963038342,0.25056818181818147,0.535,0.465,2.285,3.5025,8.4225,2.14,9.163817594739708,13.901869158878505,415.88,20.6375,0.0,26.5025
P024,main_lhs_profile,profile_024,upfront_expected,1.2,preferential_attachment,0.4114583333333333,0.37578124999999996,0.6531250000000002,0.22369791666666666,-0.34375,2.067708333333333,5.90625,10.0,3,,400,-0.2275,0.9890344903276347,0.04945172451638173,-0.3244235990255046,-0.1305764009744954,0.0,-1.0,1.0,0.2,0.445,0.645,-0.02275,1.33,10.0,4.69,5.31,5.475,10.0,0.0,2.1059226190476186,6.870495495495492,0.5309999999999999,0.2561994047619051,0.13300000000000042,0.0,1.0,0.0,0.0,0.0,2.4662162162162162,3.0260698198198197,,0.0,0.0,0.0,0.0,1.1025,8.0,3.855,4.145,4.3825,9.599999999999937,0.40000000000000296,2.662282842785354,7.279420289855046,0.518125,0.27052678571428584,0.11484374999999998,0.0,1.0,0.7825,0.8525,1.04,2.1739130434782608,2.544263285024155,,120.2325,5.21,0.0,6.465
P025,main_lhs_profile,profile_025,upfront_expected,1.2,preferential_attachment,0.7135416666666666,0.59140625,0.721875,0.5690104166666666,-1.3229166666666667,3.1614583333333335,4.65625,12.0,5,,400,0.1225,0.5773448429397918,0.028867242146989592,0.06592124505890369,0.17907875494109632,0.0,0.0,1.0,0.1875,0.7275,0.915,0.010208333333333333,0.33,12.0,5.715,6.285,6.3525,12.0,0.0,2.119501082251077,10.964285714285714,0.5237500000000002,0.051391955266955225,0.027500000000000028,0.0,1.0,0.0,0.0,0.0,3.517857142857143,3.6964285714285716,,0.0,0.0,0.0,0.0,0.4525,10.0,4.8525,5.1475,5.2475,11.999999999999998,1.7763568394002505e-15,2.624297619047614,10.620689655172413,0.51475,0.08412301587301585,0.03770833333333338,0.0,1.0,0.375,0.3825,0.45,2.7724137931034485,2.936781609195402,,162.2525,6.445,0.0,8.1325
P026,main_lhs_profile,profile_026,upfront_expected,1.2,small_world,0.5989583333333334,0.79296875,0.5281250000000001,0.6638020833333332,0.17708333333333326,2.796875,1.53125,51.0,1,,400,-3.6275,3.7300841235717868,0.18650420617858934,-3.9930415270752677,-3.261958472924732,-3.0,-9.0,1.0,0.125,0.0625,0.1875,-0.07112745098039215,16.985,51.0,24.875,26.125,31.335,51.0,0.0,1.9910866289152502,3.213147082054419,0.5122549019607845,0.6475891905660219,0.3330392156862751,0.975,0.0225,0.0,0.0,0.0,2.1925,14.33907885647927,16.72820512820513,0.0,0.0,0.0,0.0,13.3575,42.0,22.4475,19.5525,22.375,50.40000000000006,0.5999999999999659,2.6416385222844605,3.94683692329342,0.46553571428571416,0.6863511620936401,0.2650297619047608,0.9275,0.0575,3.86,10.39,11.595,3.3475,12.306871997348212,16.191374663072775,267.3275,24.2675,0.0,33.325
P027,main_lhs_profile,profile_027,upfront_expected,1.2,ring,0.6614583333333334,0.45078125,0.5093750000000001,0.5825520833333333,-0.32291666666666674,3.3697916666666665,0.21875,27.0,6,,400,-0.985,2.0236137307619555,0.10118068653809778,-1.1833105015457084,-0.7866894984542916,-1.0,-4.0,2.0,0.2125,0.2225,0.435,-0.03648148148148148,5.84,27.0,13.16,13.84,15.2625,27.0,0.0,2.02642847728897,5.699504442925502,0.5125925925925928,0.42047488999433713,0.2162962962962965,0.0575,0.9425,0.0,0.0,0.0,2.9774436090225564,7.55644043369607,12.91304347826087,0.0,0.0,0.0,0.0,4.855,22.0,10.76,11.24,12.5525,26.399999999999803,0.6000000000000151,2.4768822168543454,6.994658073755831,0.510909090909091,0.4333580344126974,0.1839015151515153,0.0175,0.9825,1.6525,2.26,4.36,3.0476190476190474,6.445346772414446,10.428571428571429,294.3025,14.0025,0.0,17.7225
P028,main_lhs_profile,profile_028,upfront_expected,1.2,ring,0.4427083333333333,0.39921874999999996,0.7156250000000002,0.8059895833333333,-0.15625,1.078125,2.84375,16.0,5,,400,0.0675,1.3481422286508495,0.06740711143254248,-0.06461551070966137,0.19961551070966138,0.0,-1.0,2.0,0.3225,0.385,0.7075,0.00421875,2.1625,16.0,7.715,8.285,8.725,16.0,0.0,2.060926295926304,8.573484848484853,0.5178125,0.2575119741369744,0.13515625,0.0,1.0,0.0,0.0,0.0,3.2045454545454546,4.604498106060607,,0.0,0.0,0.0,0.0,2.23,13.0,6.3175,6.6825,7.195,15.600000000000085,0.40000000000000546,2.5790227272727293,8.738635275339174,0.5140384615384617,0.33132638888888893,0.14294871794871805,0.0,1.0,1.13,1.365,2.025,2.7290502793296088,3.897386272944932,,208.065,8.335,0.0,10.3325
P029,main_lhs_profile,profile_029,upfront_expected,1.2,small_world,0.296875,0.70859375,0.6343750000000001,0.65703125,0.26041666666666674,1.2864583333333333,0.03125,56.0,2,,400,-4.835,3.949274226651428,0.1974637113325714,-5.222021762465453,-4.447978237534547,-5.0,-10.0,0.0,0.0775,0.05,0.1275,-0.08633928571428572,19.83,56.0,27.61,28.39,34.125,56.0,0.0,2.012659270987553,2.970872071839336,0.5069642857142856,0.697705310104165,0.3541071428571428,0.995,0.0025,0.0,0.0,0.0,2.045,15.340667639482092,15.675879396984925,0.0,0.0,0.0,0.0,14.995,46.0,23.8225,22.1775,25.6825,55.20000000000041,0.7999999999999545,2.542391101892587,3.852292086783188,0.48211956521739174,0.6768775550286604,0.2716485507246373,0.975,0.025,3.64,8.5025,12.94,1.9675,11.96615901581424,15.015384615384615,329.295,28.005,0.0,36.9025
P030,main_lhs_profile,profile_030,upfront_expected,1.2,preferential_attachment,0.2552083333333333,0.35234374999999996,0.546875,0.7518229166666666,-1.15625,5.401041666666667,5.96875,35.0,6,,400,-0.03,1.355985524205416,0.06779927621027079,-0.16288413955001405,0.10288413955001405,0.0,-2.0,1.0,0.3225,0.355,0.6775,-0.0008571428571428571,1.47,35.0,17.0125,17.9875,18.825,35.0,0.0,1.9917126571444184,24.294994675186377,0.5139285714285714,0.08112129251918851,0.041999999999999885,0.0,1.0,0.0,0.0,0.0,7.3099041533546325,9.304499467518635,,0.0,0.0,0.0,0.0,1.44,29.0,14.2775,14.7225,15.6875,34.79999999999978,0.20000000000000284,2.44682772761182,23.66028697571747,0.5076724137931037,0.097126983145517,0.0413793103448276,0.0,1.0,0.8575,0.9375,1.3625,6.450331125827814,8.208517292126567,,211.395,18.5925,0.0,23.225
P031,main_lhs_profile,profile_031,upfront_expected,1.2,preferential_attachment,0.9739583333333334,0.72265625,0.34687500000000004,0.7450520833333332,0.15625,5.505208333333333,3.40625,39.0,6,,400,1.0875,3.5828670210078357,0.17914335105039178,0.7363854838714163,1.4386145161285835,1.0,-3.0999999999999943,6.0,0.58,0.0975,0.6775,0.027884615384615383,8.1525,39.0,19.0,20.0,23.2925,39.0,0.0,1.9970853882956316,5.861535738697396,0.5128205128205123,0.40585137257471293,0.209038461538462,0.33,0.67,0.0,0.0,0.0,3.288220551378446,11.056944813053834,17.113636363636363,0.0,0.0,0.0,0.0,9.24,32.0,15.66,16.34,19.9275,38.39999999999975,0.5999999999999943,2.4113720993772603,4.891900899100893,0.510625,0.56265203158209,0.2406250000000002,0.475,0.525,2.2775,3.5025,7.6125,2.5525,9.249929407398161,13.921052631578947,370.93,20.4625,0.0,25.7225
P032,main_lhs_profile,profile_032,upfront_expected,1.2,ring,0.08854166666666667,0.42265625,0.36562500000000003,0.55546875,0.19791666666666674,4.880208333333333,5.15625,41.0,8,,400,-2.6225,3.5207930511850853,0.17603965255925427,-2.9675313788670827,-2.2774686211329174,-3.0,-7.0,2.0,0.19,0.085,0.275,-0.06396341463414634,13.445,41.0,19.955,21.045,24.2275,41.0,0.0,1.9933709229626697,3.287041710738939,0.513292682926829,0.6362701180732604,0.32792682926829253,0.8875,0.1125,0.0,0.0,0.0,2.09,11.28136667288428,15.138028169014085,0.0,0.0,0.0,0.0,10.8225,34.0,16.87,17.13,19.315,40.7999999999997,0.19999999999998863,2.4560944159654188,4.108347054699692,0.5038235294117649,0.6323484892809627,0.2652573529411766,0.665,0.335,2.415,3.89,9.7425,2.055,9.188435477824108,13.61654135338346,464.905,21.3625,0.0,27.2775
P033,main_lhs_profile,profile_033,upfront_expected,1.2,small_world,0.390625,0.50703125,0.5531250000000001,0.53515625,-0.03125,2.171875,4.15625,56.0,7,,400,-1.5575,3.7997089652434406,0.18998544826217204,-1.9298646361805551,-1.185135363819445,-1.0,-6.0,3.0,0.3075,0.0975,0.405,-0.0278125,12.49,56.0,27.4475,28.5525,35.1275,56.0,0.0,1.9946419000634419,5.139352534425079,0.5098660714285712,0.4351154527180636,0.22303571428571436,0.7725,0.1075,0.0,0.0,0.0,3.4875,16.10910234810413,21.763754045307444,0.0,0.0,0.0,0.0,10.9325,46.0,22.87,23.13,26.9775,55.20000000000041,0.7999999999999545,2.43504459051148,5.643231132567126,0.5028260869565214,0.4728558786957525,0.19805253623188424,0.6675,0.3325,2.375,3.92,9.2475,3.1525,13.101040067829063,18.56554307116105,394.8925,28.8925,0.0,36.9025
P034,main_lhs_profile,profile_034,upfront_expected,1.2,ring,0.796875,0.48359375,0.246875,0.6299479166666666,-1.28125,5.609375,1.03125,36.0,7,,400,-0.5525,2.394070316783586,0.1197035158391793,-0.7871145798676114,-0.31788542013238863,-0.5,-3.0,2.0,0.3325,0.1675,0.5,-0.015347222222222222,6.655,36.0,17.505,18.495,20.895,36.0,0.0,2.0100270304884686,6.913037087912094,0.5137500000000003,0.35797343632662065,0.18486111111111087,0.1525,0.8475,0.0,0.0,0.0,3.18,9.66660851995227,15.754098360655737,0.0,0.0,0.0,0.0,6.1025,30.0,14.5525,15.4475,17.48,36.0,0.0,2.4163312927985956,7.3732901184029,0.5149166666666662,0.39477714673546055,0.1695138888888888,0.075,0.925,1.855,2.6075,5.4225,2.919799498746867,8.243819046450625,13.4,342.6375,19.2575,0.0,24.0375
P035,main_lhs_profile,profile_035,upfront_expected,1.2,small_world,0.24479166666666666,0.7601562500000001,0.4218750000000001,0.7247395833333332,-0.30208333333333326,4.411458333333333,1.28125,33.0,2,,400,-2.35,3.055460619775273,0.15277303098876366,-2.6494296385469984,-2.0505703614530018,-2.0,-6.0,1.0,0.1625,0.09,0.2525,-0.07121212121212121,11.99,33.0,16.37,16.63,18.455,33.0,0.0,2.046666566925136,2.972352022112753,0.503939393939394,0.7175989957498783,0.3633333333333335,0.7875,0.2125,0.0,0.0,0.0,1.8325,9.078172747300918,12.952380952380953,0.0,0.0,0.0,0.0,9.64,27.0,13.6275,13.3725,14.85,32.39999999999977,0.6000000000000151,2.524024993234317,3.6714094030969058,0.4952777777777779,0.721051558456163,0.29753086419753083,0.51,0.49,3.0075,6.3225,8.81,1.84,7.392371621434119,11.583333333333334,277.87,16.8775,0.0,21.555
P036,main_lhs_profile,profile_036,upfront_expected,1.2,small_world,0.06770833333333333,0.68046875,0.6968750000000001,0.35234374999999996,0.40625,4.046875,2.21875,9.0,6,,400,-0.5725,1.3599143972764607,0.06799571986382304,-0.7057691620359678,-0.4392308379640321,-1.0,-2.0,1.0,0.2125,0.26,0.4725,-0.06361111111111112,2.685,9.0,4.3825,4.6175,4.75,9.0,0.0,2.228008928571428,4.1264341957255315,0.5130555555555556,0.5743184523809524,0.29833333333333373,0.0,1.0,0.0,0.0,0.0,1.79002624671916,2.764048243969505,,0.0,0.0,0.0,0.0,2.1125,7.0,3.4,3.6,3.6875,8.400000000000057,0.5999999999999961,2.735768261964733,4.473777777777779,0.5142857142857139,0.582577380952381,0.25148809523809623,0.0,1.0,1.0725,1.215,2.07,1.65,2.3163425925925925,,238.4975,4.5775,0.0,5.695
P037,main_lhs_profile,profile_037,upfront_expected,1.2,ring,0.6197916666666666,0.61015625,0.359375,0.8195312499999998,-0.40625,5.192708333333333,3.84375,28.0,5,,400,1.165,2.709451571729761,0.13547257858648803,0.8994786250777114,1.4305213749222887,1.0,-2.0,4.0,0.5775,0.16,0.7375,0.041607142857142856,4.3775,28.0,13.67,14.33,15.6225,28.0,0.0,2.025584986264166,8.615987187415756,0.5117857142857143,0.3021587634179546,0.1563392857142856,0.0225,0.9775,0.0,0.0,0.0,3.895408163265306,7.797902713782817,12.88888888888889,0.0,0.0,0.0,0.0,5.5425,23.0,11.25,11.75,13.395,27.600000000000204,0.4000000000000064,2.4582198140095155,6.566532015423691,0.510869565217391,0.46679283502445273,0.20081521739130426,0.0575,0.9425,1.865,2.7925,4.7075,2.994962216624685,6.808086469925262,10.652173913043478,277.9475,14.7125,0.0,18.4325
P038,main_lhs_profile,profile_038,upfront_expected,1.2,preferential_attachment,0.2760416666666667,0.59609375,0.5593750000000001,0.8127604166666667,-0.5520833333333334,4.619791666666667,0.34375,8.0,7,,400,-0.355,1.20939306222062,0.060469653111030995,-0.47351834225525113,-0.2364816577447488,0.0,-2.0,1.0,0.2075,0.36,0.5675,-0.044375,1.655,8.0,3.9325,4.0675,4.1425,8.0,0.0,2.3372240124119856,5.1055055055055085,0.5084375,0.39908928571428576,0.206875,0.0,1.0,0.0,0.0,0.0,1.9189189189189189,2.473923923923924,,0.0,0.0,0.0,0.0,1.3,6.0,2.915,3.085,3.2975,7.199999999999971,0.8000000000000059,2.781374045801526,5.204651162790707,0.5141666666666663,0.40541666666666676,0.18055555555555494,0.0,1.0,0.815,0.88,1.2175,1.7475083056478404,2.0884274640088587,,246.225,3.79,0.0,4.7525
P039,main_lhs_profile,profile_039,upfront_expected,1.2,small_world,0.484375,0.58203125,0.7281250000000001,0.6231770833333332,-0.05208333333333326,2.640625,5.46875,18.0,7,,400,0.4975,1.3837560123643133,0.06918780061821567,0.3618944026187592,0.6331055973812407,1.0,-1.0,2.0,0.5025,0.29,0.7925,0.02763888888888889,1.7775,18.0,8.905,9.095,9.4775,18.0,0.0,2.1133449050949014,11.233158584534731,0.5052777777777774,0.19564210095460133,0.09875000000000038,0.0,1.0,0.0,0.0,0.0,3.691131498470948,5.0054390563564874,,0.0,0.0,0.0,0.0,2.275,15.0,7.1075,7.8925,8.4075,17.999999999999996,3.552713678800501e-15,2.4522245254745205,9.381816326530608,0.526166666666666,0.28628330003330044,0.12638888888888938,0.0,1.0,1.095,1.2725,2.075,2.757142857142857,4.2574297052154195,,268.15,9.8075,0.0,12.11
P040,main_lhs_profile,profile_040,upfront_expected,1.2,small_world,0.546875,0.7039062500000001,0.415625,0.5893229166666667,-0.5729166666666666,4.723958333333333,5.59375,13.0,4,,400,0.095,1.4321671539636114,0.07160835769818057,-0.04534980208049544,0.23534980208049544,0.0,-2.0,2.0,0.3725,0.3175,0.69,0.007307692307692308,2.1075,13.0,6.3825,6.6175,6.9075,13.0,0.0,2.1593811327561347,7.199297752808987,0.5090384615384618,0.3204852994227997,0.16211538461538502,0.0,1.0,0.0,0.0,0.0,2.6292134831460676,3.8253277153558045,,0.0,0.0,0.0,0.0,2.2025,10.0,4.965,5.035,5.33,11.999999999999998,1.0000000000000002,2.6812626805107964,6.471827613727056,0.5034999999999996,0.43573015873015847,0.18354166666666685,0.0,1.0,1.19,1.46,2.0725,2.142458100558659,3.091626762436819,,179.185,6.4025,0.0,7.9925
P041,main_lhs_profile,profile_041,upfront_expected,1.2,preferential_attachment,0.7239583333333334,0.7367187500000001,0.7718750000000001,0.6841145833333333,-0.46875,2.328125,2.09375,48.0,3,,400,-0.1,2.9566627532729326,0.14783313766364664,-0.38974762554229925,0.1897476255422992,0.0,-4.0,3.0,0.4425,0.165,0.6075,-0.0020833333333333333,6.6025,48.0,23.2875,24.7125,28.755,48.0,0.0,1.9845011736293572,10.060523415181308,0.51484375,0.26532596015849164,0.13755208333333338,0.185,0.8,0.0,0.0,0.0,4.945,13.552262842968439,21.54054054054054,0.0,0.0,0.0,0.0,6.5025,40.0,19.8075,20.1925,23.7325,48.00000000000001,0.0,2.435607633874677,9.194141369518238,0.5048125000000001,0.3221785957653558,0.1354687499999999,0.14,0.86,2.2,3.4575,5.5025,4.125628140703518,11.342348930382846,18.375,209.485,25.215,0.0,31.885
P042,main_lhs_profile,profile_042,upfront_expected,1.2,ring,0.734375,0.38046874999999997,0.4531250000000001,0.3455729166666667,0.42708333333333326,2.5364583333333335,1.34375,22.0,7,,400,-0.9275,2.2990122647527804,0.11495061323763903,-1.1527990619465656,-0.7022009380534343,-1.0,-4.0,2.0,0.24,0.205,0.445,-0.04215909090909091,6.5375,22.0,10.58,11.42,12.495,22.0,0.0,2.0182995627738327,3.9749218559218575,0.5190909090909089,0.5696982219169717,0.2971590909090909,0.105,0.895,0.0,0.0,0.0,2.1625,6.222575112387614,10.214285714285714,0.0,0.0,0.0,0.0,5.61,18.0,8.6625,9.3375,10.2125,21.600000000000158,0.4000000000000057,2.4474347652347674,4.5633785763109085,0.5187500000000003,0.5998545066045063,0.25972222222222213,0.025,0.975,1.79,2.49,5.13,2.1203007518796992,5.276517773510259,9.0,348.685,11.5125,0.0,14.475
P043,main_lhs_profile,profile_043,upfront_expected,1.2,preferential_attachment,0.11979166666666667,0.38515625,0.290625,0.2778645833333333,-0.26041666666666674,3.421875,5.34375,32.0,5,,400,-1.7075,2.942548253735852,0.14712741268679258,-1.9958644300046748,-1.4191355699953252,-1.0,-6.0,2.0,0.215,0.1225,0.3375,-0.053359375,9.2025,32.0,15.505,16.495,18.695,32.0,0.0,2.0028526040079733,3.94113500878208,0.51546875,0.5553347076171309,0.287578125,0.445,0.555,0.0,0.0,0.0,2.1725,8.817396973328956,13.561797752808989,0.0,0.0,0.0,0.0,7.495,26.0,12.7475,13.2525,15.4975,31.20000000000017,0.8000000000000114,2.4603518411670935,4.891839881088003,0.5097115384615388,0.5640529884954222,0.24022435897435912,0.2175,0.7825,2.2175,3.375,6.5775,2.2606516290726817,7.2492143890640115,11.574712643678161,320.475,16.3475,0.0,20.825
P044,main_lhs_profile,profile_044,upfront_expected,1.2,preferential_attachment,0.046875,0.52578125,0.215625,0.5419270833333333,-0.65625,5.973958333333333,5.71875,59.0,2,,400,-5.9225,4.3805784342420315,0.2190289217121016,-6.3517887981283625,-5.493211201871638,-6.0,-11.0,0.0,0.0725,0.0375,0.11,-0.10038135593220339,24.17,59.0,28.7175,30.2825,35.13,59.0,0.0,1.9849407724546628,2.5276313588308215,0.5132627118644068,0.7963344719805566,0.4096610169491527,1.0,0.0,0.0,0.0,0.0,1.775,15.885554018466207,13.4275,0.0,0.0,0.0,0.0,18.2475,49.0,25.3375,23.6625,26.7575,58.79999999999957,0.199999999999946,2.536938295709821,3.333670841579486,0.4829081632653065,0.7723268299706281,0.3103316326530612,1.0,0.0,4.285,11.5375,16.495,1.6525,12.708057412111266,13.505,375.4825,29.4975,0.0,39.385
P045,main_lhs_profile,profile_045,upfront_expected,1.2,small_world,0.3489583333333333,0.75546875,0.221875,0.4065104166666666,0.11458333333333326,1.859375,2.53125,15.0,4,,400,-0.855,1.9217721040878195,0.09608860520439097,-1.0433302055252942,-0.6666697944747056,-1.0,-3.0,1.0,0.24,0.1975,0.4375,-0.057,5.3675,15.0,7.2975,7.7025,8.145,15.0,0.0,2.091838890276388,3.3773942765776925,0.5134999999999996,0.6896401376401381,0.3578333333333341,0.015,0.985,0.0,0.0,0.0,1.7462311557788945,4.409274456699079,7.833333333333333,0.0,0.0,0.0,0.0,4.5125,12.0,5.8275,6.1725,6.54,14.399999999999942,0.6000000000000001,2.5941727272727193,3.7842135642135672,0.5143749999999999,0.7263788780663784,0.3133680555555555,0.005,0.995,1.745,2.485,4.2375,1.621212121212121,3.5718995510662186,6.0,239.055,7.7375,0.0,9.605
P046,main_lhs_profile,profile_046,upfront_expected,1.2,small_world,0.515625,0.71796875,0.409375,0.47421875,-1.09375,1.3385416666666665,5.84375,17.0,1,,400,0.3925,1.1797981009042366,0.05898990504521183,0.2768819106599472,0.5081180893400529,0.0,-1.0,2.0,0.3725,0.4475,0.82,0.02308823529411765,1.3525,17.0,8.135,8.865,9.1725,17.0,0.0,2.0626676101676127,11.571113801452778,0.5214705882352946,0.15267900849150873,0.07955882352941153,0.0,1.0,0.0,0.0,0.0,3.7322033898305085,4.7055609362389035,,0.0,0.0,0.0,0.0,1.745,14.0,6.7125,7.2875,8.23,16.800000000000114,0.20000000000000284,2.485642890442888,9.96077170418008,0.5205357142857147,0.23790821678321702,0.103869047619048,0.0,1.0,1.1125,1.4975,1.5075,5.787781350482315,6.913627315878121,,70.385,9.015,0.0,11.255
P047,main_lhs_profile,profile_047,upfront_expected,1.2,small_world,0.921875,0.76484375,0.31562500000000004,0.73828125,0.13541666666666674,3.3177083333333335,4.90625,16.0,7,,400,1.005,1.6467405338926082,0.08233702669463042,0.8436223930844112,1.1663776069155884,1.0,-1.0,3.0,0.6,0.2525,0.8525,0.0628125,1.6275,16.0,7.8075,8.1925,8.515,16.0,0.0,2.0889134199134283,10.22899470899471,0.51203125,0.19779211760461807,0.10171875,0.0,1.0,0.0,0.0,0.0,3.6095238095238096,4.655767195767197,,0.0,0.0,0.0,0.0,2.6325,13.0,6.3075,6.6925,7.1325,15.600000000000085,0.40000000000000546,2.5364786796536842,7.171311475409825,0.5148076923076921,0.38525126262626297,0.1687500000000002,0.0,1.0,1.1925,1.485,2.415,2.5,3.9817460317460323,,278.31,8.325,0.0,10.475
P048,main_lhs_profile,profile_048,upfront_expected,1.2,ring,0.7447916666666666,0.41328125,0.471875,0.23046875,-0.8854166666666666,5.713541666666667,3.96875,50.0,2,,400,-0.245,2.807075735612358,0.14035378678061788,-0.520088367183825,0.030088367183825016,0.0,-4.0,3.0,0.4125,0.1225,0.535,-0.0049,5.7525,50.0,24.13,25.87,29.4775,50.0,0.0,1.969393098265453,11.239605302105327,0.5174,0.2223171150995949,0.1150499999999999,0.09,0.885,0.0,0.0,0.0,4.914141414141414,13.411868133269655,22.555555555555557,0.0,0.0,0.0,0.0,5.5075,41.0,20.335,20.665,25.065,49.20000000000037,0.7999999999999602,2.4402455494113506,12.149619485999233,0.504024390243902,0.26873829525232595,0.11194105691056895,0.0625,0.9375,2.135,3.385,4.5075,4.868354430379747,11.135677388715369,18.04,163.375,25.8075,0.0,32.725
P049,main_lhs_profile,profile_049,upfront_expected,1.2,ring,0.609375,0.6195312500000001,0.5906250000000001,0.6434895833333333,0.32291666666666674,3.0572916666666665,0.71875,52.0,3,,400,-3.065,3.7431005870818557,0.18715502935409278,-3.4318171170595586,-2.6981828829404413,-3.0,-8.0,1.0,0.1675,0.075,0.2425,-0.05894230769230769,17.19,52.0,25.6125,26.3875,31.48,52.0,0.0,2.007726457202778,3.1991246475960136,0.5074519230769234,0.6495841733423465,0.3305769230769229,0.99,0.01,0.0,0.0,0.0,2.1775,14.253363362806578,16.3989898989899,0.0,0.0,0.0,0.0,14.125,43.0,22.195,20.805,24.78,51.599999999999916,0.3999999999999659,2.5400438802691867,3.8521881933216906,0.4838372093023258,0.6809526679174998,0.27374031007751926,0.9425,0.0575,3.1825,6.635,11.86,2.04,11.350435011100052,14.904509283819628,352.7025,25.9075,0.0,34.3425
P050,main_lhs_profile,profile_050,upfront_expected,1.2,ring,0.265625,0.62890625,0.503125,0.63671875,-0.6979166666666666,3.630208333333333,3.53125,52.0,5,,400,-0.985,3.4218485675213066,0.17109242837606534,-1.3203349976445868,-0.6496650023554131,-1.0,-5.099999999999994,3.0,0.3475,0.115,0.4625,-0.018942307692307692,11.1025,52.0,25.4425,26.5575,32.1,52.0,0.0,1.994160472723643,5.265127094697529,0.5107211538461534,0.41617312503693,0.21350961538461544,0.6425,0.25,0.0,0.0,0.0,3.385,14.569522084801585,20.719844357976655,0.0,0.0,0.0,0.0,10.1175,43.0,21.2275,21.7725,26.1575,51.599999999999916,0.3999999999999659,2.4215979824006597,5.75730597256258,0.5063372093023254,0.4660521821817843,0.19607558139534828,0.5975,0.4025,2.525,4.1825,8.4525,2.955,11.876001573722888,17.686192468619247,332.895,27.2575,0.0,34.6725
P051,main_lhs_profile,profile_051,upfront_expected,1.2,preferential_attachment,0.3697916666666667,0.54921875,0.7781250000000002,0.4268229166666666,-0.9479166666666666,2.3802083333333335,3.65625,49.0,3,,400,-0.43,1.9824037964123442,0.09912018982061721,-0.6242720021891834,-0.23572799781081658,0.0,-3.0,2.0,0.29,0.275,0.565,-0.008775510204081632,4.1625,49.0,23.89,25.11,28.2275,49.0,0.0,1.9960825519965575,15.715230809076976,0.5124489795918366,0.1653358558475583,0.08494897959183684,0.025,0.9575,0.0,0.0,0.0,6.823076923076923,13.570004475581404,23.5,0.0,0.0,0.0,0.0,3.7325,40.0,19.52,20.48,22.905,48.00000000000001,0.9999999999999818,2.3978474818170743,16.520458470717553,0.5119999999999998,0.18272128166618296,0.07776041666666669,0.01,0.99,1.61,2.3275,3.3475,5.818652849740933,10.89733755018729,20.0,160.925,25.535,0.0,32.1625
P052,main_lhs_profile,profile_052,upfront_expected,1.2,small_world,0.234375,0.53984375,0.7093750000000001,0.39296875,0.44791666666666674,1.1302083333333333,4.21875,14.0,4,,400,-0.605,1.6342128469304975,0.08171064234652488,-0.7651499161528221,-0.44485008384717784,-0.5,-3.0,1.0,0.205,0.295,0.5,-0.04321428571428571,3.7625,14.0,6.92,7.08,7.54,14.0,0.0,2.1457916666666637,4.858754208754209,0.5057142857142858,0.528301316738817,0.26874999999999977,0.0,1.0,0.0,0.0,0.0,2.224747474747475,4.1661195286195305,,0.0,0.0,0.0,0.0,3.1575,11.0,5.29,5.71,6.0875,13.199999999999902,0.8000000000000069,2.623579761904758,5.571551020408173,0.5190909090909092,0.5408141233766235,0.23920454545454586,0.0,1.0,1.43,1.875,2.95,2.0779220779220777,3.406434755720471,,203.8025,7.0425,0.0,8.86
P053,main_lhs_profile,profile_053,upfront_expected,1.2,preferential_attachment,0.5677083333333334,0.57734375,0.609375,0.5757812499999999,-1.3854166666666667,3.526041666666667,5.03125,54.0,1,,400,0.195,1.636664803555693,0.08183324017778465,0.03460979651332596,0.35539020348667405,0.0,-2.0,2.0,0.4175,0.26,0.6775,0.0036111111111111114,1.9325,54.0,26.5975,27.4025,28.955,54.0,0.0,2.0064462245278434,32.189861751152065,0.5074537037037031,0.07037715421363595,0.035787037037037,0.0,0.885,0.0,0.0,0.0,10.117302052785924,14.175610948191594,,0.0,0.0,0.0,0.0,2.1275,39.935,19.4325,20.5025,21.3475,47.92200000000002,6.077999999999992,2.4072726142117546,25.781561668145525,0.5113673592914606,0.0956994898529967,0.041200915743226575,0.0,0.44,1.35,2.0325,2.0425,12.5,16.710751257024544,,60.03,25.5225,0.0,32.0175
P054,main_lhs_profile,profile_054,upfront_expected,1.2,small_world,0.8802083333333334,0.65234375,0.203125,0.4403645833333333,-0.8229166666666666,1.1822916666666667,5.65625,25.0,6,,400,0.375,1.6251084405691278,0.0812554220284564,0.2157422992756229,0.5342577007243771,0.0,-2.0,2.0,0.4525,0.2925,0.745,0.015,1.83,25.0,12.1375,12.8625,13.46,25.0,0.0,2.0193708429728185,15.200937950937945,0.5145000000000001,0.1410085812772541,0.0731999999999997,0.0,1.0,0.0,0.0,0.0,4.975757575757576,6.813181818181818,,0.0,0.0,0.0,0.0,2.205,20.0,9.8775,10.1225,10.75,23.999999999999996,1.000000000000001,2.4880183982683883,13.073563218390811,0.5061249999999996,0.21597260725385747,0.09187500000000004,0.0,1.0,1.0925,1.3275,2.0425,4.011494252873563,5.779823481116585,,233.095,12.715,0.0,16.015
P055,main_lhs_profile,profile_055,upfront_expected,1.2,small_world,0.3385416666666667,0.79765625,0.265625,0.7044270833333333,-0.6354166666666666,3.578125,0.90625,55.0,6,,400,-5.05,4.504801114667191,0.22524005573335953,-5.491462397113179,-4.608537602886821,-5.0,-11.0,1.0,0.11,0.0425,0.1525,-0.09181818181818181,21.5625,55.0,26.8875,28.1125,33.0025,55.0,0.0,1.997134006461309,2.658486627885881,0.5111363636363633,0.7653919167933368,0.3920454545454543,1.0,0.0,0.0,0.0,0.0,1.765,15.02182660926666,14.23,0.0,0.0,0.0,0.0,16.5125,45.0,22.4125,22.5875,25.2475,54.00000000000001,0.9999999999999477,2.448273686472236,3.4114965431560047,0.5019444444444443,0.7320385954780312,0.3057870370370354,0.9875,0.0125,3.2175,6.245,14.87,1.755,11.86636380848208,13.875949367088607,478.67,28.1475,0.0,36.0525
P056,main_lhs_profile,profile_056,upfront_expected,1.2,preferential_attachment,0.3802083333333333,0.76953125,0.459375,0.7924479166666667,-0.8020833333333334,1.9635416666666667,0.15625,9.0,8,,400,-0.4,1.1013775835078694,0.05506887917539347,-0.507933019852759,-0.29206698014724103,0.0,-2.0,1.0,0.1525,0.42,0.5725,-0.044444444444444446,1.9025,9.0,4.3775,4.6225,4.77,9.0,0.0,2.2346938775510177,5.297118155619596,0.5136111111111107,0.41166666666666674,0.2113888888888895,0.0,1.0,0.0,0.0,0.0,2.0662824207492796,2.785014409221903,,0.0,0.0,0.0,0.0,1.5025,7.0,3.49,3.51,3.6925,8.400000000000057,0.5999999999999961,2.878341708542711,5.7248407643312245,0.5014285714285716,0.41907738095238123,0.17886904761904815,0.0,1.0,0.86,0.9125,1.4,1.9235668789808917,2.399097664543524,,281.38,4.3625,0.0,5.625
P057,main_lhs_profile,profile_057,upfront_expected,1.2,preferential_attachment,0.5260416666666666,0.67578125,0.5843750000000001,0.31171875,-0.84375,1.5989583333333335,4.59375,13.0,2,,400,-0.135,1.0461889304497007,0.05230944652248504,-0.23752463123529466,-0.03247536876470536,0.0,-1.0,1.0,0.2275,0.4825,0.71,-0.010384615384615384,1.465,13.0,6.1975,6.8025,7.03,13.0,0.0,2.1209603174603187,8.742745415318234,0.5232692307692303,0.21655149711399735,0.11269230769230784,0.0,1.0,0.0,0.0,0.0,3.0032362459546924,3.801995685005395,,0.0,0.0,0.0,0.0,1.33,10.0,4.8875,5.1125,5.42,11.999999999999998,1.0000000000000002,2.7065595238095193,8.538110749185668,0.5112499999999998,0.2639831349206354,0.11083333333333341,0.0,1.0,0.94,1.0875,1.28,2.495114006514658,3.045602605863192,,95.8225,6.3025,0.0,7.8775
P058,main_lhs_profile,profile_058,upfront_expected,1.2,preferential_attachment,0.578125,0.66171875,0.440625,0.7653645833333333,-1.2604166666666667,4.098958333333333,0.84375,42.0,5,,400,-0.805,2.852598516395069,0.14262992581975345,-1.0845495177243363,-0.5254504822756638,-1.0,-5.0,3.0,0.33,0.155,0.485,-0.01916666666666667,7.36,42.0,20.41,21.59,24.97,42.0,0.0,1.9860473141551624,7.218114165439826,0.5140476190476191,0.3393152362966801,0.17523809523809553,0.2125,0.7875,0.0,0.0,0.0,3.4875,11.30307469102535,18.611764705882354,0.0,0.0,0.0,0.0,6.555,35.0,17.165,17.835,21.1525,42.00000000000001,0.0,2.4228012710549334,7.818377581380098,0.5095714285714282,0.36889692142883035,0.1560714285714288,0.125,0.875,1.9625,2.8875,5.615,3.2462311557788945,9.443040721840974,15.44,283.925,22.295,0.0,27.965
P059,main_lhs_profile,profile_059,upfront_expected,1.2,preferential_attachment,0.703125,0.78828125,0.259375,0.6705729166666666,0.28125,1.0260416666666667,5.40625,23.0,4,,400,0.7275,1.9743324749911073,0.09871662374955537,0.5340189727754802,0.9209810272245199,1.0,-2.0,3.0,0.535,0.225,0.76,0.0316304347826087,2.985,23.0,10.985,12.015,12.895,23.0,0.0,2.0137788840953457,10.074831138128992,0.5223913043478259,0.24897908784112352,0.12978260869565186,0.0075,0.9925,0.0,0.0,0.0,3.86968085106383,6.563382303275916,13.0,0.0,0.0,0.0,0.0,3.7125,19.0,9.2375,9.7625,10.935,22.80000000000004,0.20000000000000426,2.466787857975352,8.394915478694383,0.5138157894736841,0.3795318396880901,0.16282894736842096,0.005,0.995,1.56,2.095,3.3225,2.992287917737789,5.561012159791078,10.5,210.375,12.115,0.0,15.25
P060,main_lhs_profile,profile_060,upfront_expected,1.2,ring,0.4739583333333333,0.60078125,0.209375,0.46744791666666663,-0.96875,1.4427083333333335,2.28125,44.0,5,,400,-0.5925,2.6775673974560936,0.1338783698728047,-0.8548967832596295,-0.33010321674037063,0.0,-4.0,2.0,0.365,0.17,0.535,-0.013465909090909091,7.815,44.0,21.555,22.445,25.975,44.0,0.0,2.003653610341569,6.8789924136321225,0.5101136363636364,0.3470302455434598,0.17761363636363625,0.2975,0.7025,0.0,0.0,0.0,3.6325,12.035825243180025,19.563025210084035,0.0,0.0,0.0,0.0,7.2225,36.0,17.77,18.23,21.4575,43.200000000000315,0.7999999999999773,2.448312359806026,7.418480019980021,0.5063888888888888,0.3938373823627681,0.16718749999999993,0.2175,0.7825,2.105,3.24,6.115,3.385,10.007589674214678,15.770114942528735,293.87,22.77,0.0,28.675
P061,main_lhs_profile,profile_061,upfront_expected,1.2,preferential_attachment,0.8697916666666666,0.53515625,0.6156250000000001,0.37265625,0.23958333333333326,2.4322916666666665,0.46875,15.0,7,,400,-0.6775,1.8280723100926064,0.09140361550463032,-0.8566477944458223,-0.4983522055541777,0.0,-3.0,1.0,0.24,0.265,0.505,-0.04516666666666667,4.0675,15.0,7.3575,7.6425,8.105,15.0,0.0,2.0951798201798173,4.8185512011078755,0.5095,0.5291331585081583,0.2711666666666672,0.0025,0.9975,0.0,0.0,0.0,2.282115869017632,4.425643444157299,7.0,0.0,0.0,0.0,0.0,3.39,12.0,5.9425,6.0575,6.6325,14.399999999999942,0.6000000000000001,2.6716038961038926,5.22748439221447,0.504791666666666,0.5544277597402598,0.23541666666666589,0.0,1.0,1.3325,1.6475,3.1375,2.0462724935732646,3.5864426490390513,,299.4225,7.65,0.0,9.625
P062,main_lhs_profile,profile_062,upfront_expected,1.2,ring,0.2864583333333333,0.43671875,0.515625,0.4877604166666666,-1.3645833333333333,4.463541666666667,2.46875,59.0,5,,400,-0.6275,2.3393214426474347,0.11696607213237173,-0.8567492887925626,-0.39825071120743727,-1.0,-3.0,2.0,0.3075,0.185,0.4925,-0.010635593220338982,5.3025,59.0,28.6675,30.3325,34.37,59.0,0.0,1.9765417768799507,14.520335672244101,0.5141101694915249,0.1748540884600933,0.0898728813559324,0.0625,0.4225,0.0,0.0,0.0,6.440203562340967,15.922029271265922,26.16,0.0,0.0,0.0,0.0,4.675,49.0,24.01,24.99,28.675,58.79999999999957,0.199999999999946,2.4011995351667075,17.039050915243845,0.5099999999999997,0.1875812590473673,0.07950680272108825,0.03,0.95,1.6975,2.29,4.09,5.741116751269035,12.918590271826313,23.25,228.63,31.32,0.0,39.1625
P063,main_lhs_profile,profile_063,upfront_expected,1.2,preferential_attachment,0.640625,0.49296874999999996,0.5406250000000001,0.3184895833333333,0.48958333333333326,2.2760416666666665,3.28125,41.0,3,,400,-1.5225,3.8589795357897545,0.19294897678948772,-1.9006730453612506,-1.1443269546387493,-1.0,-6.0,3.0,0.295,0.0975,0.3925,-0.03713414634146341,11.615,41.0,20.1,20.9,24.54,41.0,0.0,2.018382550196732,3.968129304862673,0.5097560975609754,0.5541039614433587,0.2832926829268289,0.7,0.3,0.0,0.0,0.0,2.4875,11.482917734548732,16.360714285714284,0.0,0.0,0.0,0.0,10.0925,34.0,17.265,16.735,19.5025,40.7999999999997,0.19999999999998863,2.514825811450181,4.46885932181853,0.49220588235294116,0.6039475497104635,0.24736519607843135,0.5625,0.4375,2.7675,5.135,8.66,2.225,9.311236051068384,14.204444444444444,298.2275,20.95,0.0,26.9575
P064,main_lhs_profile,profile_064,upfront_expected,1.2,ring,0.015625,0.46015625,0.43437500000000007,0.2643229166666667,0.46875,5.348958333333333,4.46875,39.0,2,,400,-3.1,3.393935325323864,0.1696967662661932,-3.4325995501746505,-2.7674004498253497,-3.0,-7.0,1.0,0.13,0.1025,0.2325,-0.0794871794871795,13.6625,39.0,19.01,19.99,22.875,39.0,0.0,2.0082866271009543,3.05024500673475,0.5125641025641022,0.6817831887247243,0.35032051282051296,0.9175,0.0825,0.0,0.0,0.0,1.9625,10.662132068675213,14.256130790190735,0.0,0.0,0.0,0.0,10.5625,32.0,16.34,15.66,18.4375,38.39999999999975,0.5999999999999943,2.515790193563775,3.939618499147909,0.489375,0.678091325571517,0.2750651041666667,0.68,0.32,3.14,6.5925,9.29,1.93,8.40727935014332,12.908088235294118,288.1575,19.51,0.0,25.505
P065,main_lhs_profile,profile_065,upfront_expected,1.2,small_world,0.8385416666666666,0.60546875,0.659375,0.7856770833333333,-0.53125,2.223958333333333,4.71875,28.0,1,,400,1.3025,1.7517606610304488,0.08758803305152243,1.1308306097423122,1.4741693902576878,1.0,0.0,4.0,0.58,0.3475,0.9275,0.046517857142857146,0.6725,28.0,13.605,14.395,14.61,28.0,0.0,2.0156849764013085,23.189361702127663,0.5141071428571423,0.04742753061996481,0.02401785714285715,0.0,1.0,0.0,0.0,0.0,7.159574468085107,7.976329787234042,,0.0,0.0,0.0,0.0,1.975,23.0,11.33,11.67,13.125,27.600000000000204,0.4000000000000064,2.4665331599772737,15.627531718569774,0.507391304347826,0.16562216011113098,0.07155797101449292,0.0,1.0,1.0975,1.5525,1.6125,9.865051903114187,11.725376228922942,,66.4475,14.6725,0.0,18.24
P066,main_lhs_profile,profile_066,upfront_expected,1.2,ring,0.7760416666666666,0.63828125,0.796875,0.35911458333333335,-0.7395833333333334,5.296875,4.09375,55.0,1,,400,0.4675,2.3975642924311438,0.11987821462155719,0.232543016810785,0.702456983189215,0.5,-3.0,4.0,0.5,0.145,0.645,0.0085,3.5725,55.0,27.1475,27.8525,30.4775,55.0,0.0,2.0101339505872473,21.01172019195274,0.5064090909090909,0.12778566191131563,0.06495454545454557,0.0075,0.6725,0.0,0.0,0.0,8.11111111111111,15.07011476895198,26.333333333333332,0.0,0.0,0.0,0.0,4.04,41.8175,20.86,20.9575,25.015,50.18100000000003,4.818999999999985,2.4578064896400287,15.903566777062498,0.4996335913751047,0.18500646822919567,0.0762501755403124,0.0175,0.5725,1.8725,3.0775,3.3225,9.7621776504298,16.19122342954721,23.142857142857142,87.2875,26.2225,0.0,33.325
P067,main_lhs_profile,profile_067,upfront_expected,1.2,ring,0.19270833333333334,0.50234375,0.753125,0.21015625,0.03125,3.2135416666666665,1.96875,48.0,4,,400,-1.6075,2.948759350008178,0.14743796750040888,-1.8964731062545883,-1.3185268937454115,-1.5,-5.0,2.0,0.2325,0.1275,0.36,-0.03348958333333333,9.255,48.0,23.4725,24.5275,28.9175,48.0,0.0,1.9952319528307927,5.999177236592093,0.5109895833333331,0.37685508218486796,0.19281250000000014,0.4525,0.545,0.0,0.0,0.0,3.365,13.165045820139182,20.370165745856355,0.0,0.0,0.0,0.0,7.6475,40.0,19.65,20.35,24.265,48.00000000000001,0.0,2.4151552789114694,7.488973849876103,0.5087500000000003,0.3752613717753919,0.15932291666666662,0.2475,0.7525,2.2575,3.6125,6.47,3.3759398496240602,10.830114862163734,17.505050505050505,266.1975,25.31,0.0,31.975
P068,main_lhs_profile,profile_068,upfront_expected,1.2,small_world,0.057291666666666664,0.38984375,0.690625,0.41328125,-0.5104166666666666,5.088541666666667,4.84375,30.0,4,,400,-0.505,1.606682473741645,0.08033412368708225,-0.6624519891562672,-0.34754801084373277,0.0,-2.0,1.0,0.235,0.2875,0.5225,-0.016833333333333332,2.41,30.0,14.6075,15.3925,16.365,30.0,0.0,2.0121520046645776,15.510899182561312,0.5130833333333331,0.15519162387535104,0.0803333333333336,0.0,1.0,0.0,0.0,0.0,5.043596730245231,7.906721162579471,,0.0,0.0,0.0,0.0,1.905,25.0,12.2325,12.7675,13.6,29.999999999999996,1.0658141036401503e-14,2.4451253126388557,17.010649741824437,0.5107000000000002,0.14899797860807942,0.06350000000000006,0.0,1.0,1.085,1.2825,1.775,4.424698795180723,6.380740820424555,,164.655,16.1175,0.0,20.2475
P069,main_lhs_profile,profile_069,upfront_expected,1.2,ring,0.109375,0.62421875,0.40312500000000007,0.5283854166666666,-0.23958333333333326,2.953125,5.28125,11.0,6,,400,-0.535,1.506468924855035,0.07532344624275175,-0.6826312418272323,-0.3873687581727677,-1.0,-2.0,1.0,0.225,0.27,0.495,-0.04863636363636364,3.085,11.0,5.37,5.63,5.88,11.0,0.0,2.1548613597485806,4.465918367346946,0.5118181818181817,0.5387311507936507,0.28045454545454507,0.0,1.0,0.0,0.0,0.0,1.9792207792207792,3.3977303648732216,,0.0,0.0,0.0,0.0,2.55,9.0,4.3675,4.6325,4.87,10.800000000000079,0.20000000000000248,2.646902368987795,5.191443973815943,0.5147222222222221,0.5401140873015872,0.23611111111111113,0.0,1.0,1.2,1.47,2.4375,1.9029649595687332,2.823308946219998,,249.245,5.76,0.0,7.2675
P070,main_lhs_profile,profile_070,upfront_expected,1.2,ring,0.5052083333333334,0.56328125,0.6843750000000001,0.8466145833333332,-1.1354166666666667,4.567708333333333,1.15625,17.0,4,,400,-0.08,1.022846781706389,0.051142339085319455,-0.18023714269236127,0.020237142692361265,0.0,-1.0,1.0,0.245,0.47,0.715,-0.004705882352941177,1.33,17.0,8.305,8.695,8.985,17.0,0.0,2.0942209942834995,12.206557377049178,0.5114705882352942,0.15417592823842857,0.07823529411764683,0.0,1.0,0.0,0.0,0.0,3.911475409836066,4.802513661202187,,0.0,0.0,0.0,0.0,1.25,14.0,6.7525,7.2475,7.655,16.800000000000114,0.20000000000000284,2.5081721445221423,11.984397163120597,0.5176785714285713,0.1729219461094463,0.07440476190476207,0.0,1.0,0.7975,0.915,1.17,3.269503546099291,3.993794326241134,,152.435,8.945,0.0,11.2
P071,main_lhs_profile,profile_071,upfront_expected,1.2,small_world,0.140625,0.74609375,0.4781250000000001,0.5486979166666667,-0.90625,2.9010416666666665,4.96875,42.0,3,,400,-0.9925,3.067730623432387,0.15338653117161935,-1.2931320768099044,-0.6918679231900957,-1.0,-5.0,3.0,0.31,0.1425,0.4525,-0.02363095238095238,9.3525,42.0,20.6825,21.3175,24.75,42.0,0.0,2.0212724433521516,5.232482251816821,0.5075595238095241,0.43857246407505107,0.22267857142857164,0.4575,0.5425,0.0,0.0,0.0,2.94,11.583006892005052,17.57377049180328,0.0,0.0,0.0,0.0,8.36,35.0,17.4775,17.5225,20.5125,42.00000000000001,0.0,2.468000578973575,5.852556423968196,0.5006428571428568,0.4787583685560529,0.19904761904761908,0.34,0.66,2.5675,4.485,7.0825,2.6925,9.729590026803264,15.279411764705882,259.365,22.0125,0.0,27.92
P072,main_lhs_profile,profile_072,upfront_expected,1.2,small_world,0.890625,0.49765625,0.784375,0.7789062499999999,-1.4895833333333333,2.5885416666666665,4.28125,45.0,4,,400,0.5025,0.9655695528565038,0.04827847764282519,0.4078759225916404,0.5971240774083595,0.0,0.0,2.0,0.355,0.5975,0.9525,0.011166666666666665,0.3475,45.0,21.66,23.34,23.545,45.0,0.0,1.9711005011861746,40.671052631578945,0.5186666666666665,0.014594205745347961,0.0077222222222222085,0.0,1.0,0.0,0.0,0.0,9.991228070175438,10.691812865497077,,0.0,0.0,0.0,0.0,0.85,37.0,17.955,19.045,19.6625,44.39999999999987,0.5999999999999736,2.3956145671735682,34.091339712918575,0.5147297297297294,0.04396827790204583,0.019144144144144136,0.0,1.0,0.5875,0.6725,0.8,8.650717703349283,10.07547846889952,,136.59,23.6525,0.0,29.55
P073,main_lhs_profile,profile_073,upfront_expected,1.2,small_world,0.8072916666666666,0.55390625,0.353125,0.3388020833333333,-0.19791666666666674,1.7552083333333333,3.15625,49.0,5,,400,-1.2175,3.6391347879698728,0.18195673939849363,-1.5741286559653878,-0.8608713440346122,-1.0,-6.0,3.0,0.3425,0.1075,0.45,-0.024846938775510204,11.7175,49.0,23.9225,25.0775,30.11,49.0,0.0,1.9975013860349236,4.722203287609361,0.5117857142857142,0.4655168004451363,0.23913265306122486,0.7,0.2875,0.0,0.0,0.0,3.0475,13.817379058065672,19.09642857142857,0.0,0.0,0.0,0.0,10.5,40.0,20.0375,19.9625,23.0925,48.00000000000001,0.9999999999999818,2.4622354279632463,5.070476016243802,0.49906249999999963,0.5265904752584405,0.21874999999999997,0.6125,0.3875,2.5325,4.4625,8.9975,2.5475,10.993933394606767,16.220408163265308,348.94,25.0175,0.0,32.0875
P074,main_lhs_profile,profile_074,upfront_expected,1.2,ring,0.4010416666666667,0.58671875,0.39687500000000003,0.3794270833333333,-0.11458333333333326,1.390625,2.03125,54.0,3,,400,-2.7675,3.7407789721254234,0.18703894860627118,-3.1340896029745298,-2.4009103970254704,-3.0,-8.0,2.0,0.21,0.06,0.27,-0.051250000000000004,16.05,54.0,26.4575,27.5425,33.4225,54.0,0.0,1.993799936792692,3.645002255958478,0.5100462962962959,0.5800930518858347,0.2972222222222216,0.95,0.0275,0.0,0.0,0.0,2.33,14.967287418430038,18.097368421052632,0.0,0.0,0.0,0.0,13.2825,45.0,23.2725,21.7275,26.1025,54.00000000000001,0.0,2.5457403323786263,4.356497247334719,0.4828333333333331,0.6127175296554025,0.24597222222222218,0.8725,0.1275,3.01,6.2575,11.01,2.2275,11.973761501280364,16.18051575931232,328.6425,27.17,0.0,35.995
P075,main_lhs_profile,profile_075,upfront_expected,1.2,ring,0.765625,0.64765625,0.7906250000000001,0.2981770833333333,-0.6145833333333334,3.682291666666667,5.53125,22.0,3,,400,0.245,1.4318171149370182,0.07159085574685091,0.10468450111376987,0.3853154988862301,0.0,-1.0,2.0,0.3675,0.36,0.7275,0.011136363636363637,1.615,22.0,10.665,11.335,11.79,22.0,0.0,2.0682488631079994,14.071556256572036,0.515227272727273,0.1409473144674385,0.07340909090909101,0.0,1.0,0.0,0.0,0.0,4.766561514195583,6.254889589905362,,0.0,0.0,0.0,0.0,1.86,18.0,8.815,9.185,10.155,21.600000000000158,0.4000000000000057,2.5112501748251743,12.697582417582415,0.5102777777777778,0.19997516372516405,0.0861111111111113,0.0,1.0,1.0425,1.265,1.61,3.91025641025641,5.3125572344322345,,135.48,11.5475,0.0,14.395
P076,main_lhs_profile,profile_076,upfront_expected,1.2,small_world,0.18229166666666666,0.63359375,0.278125,0.6773437499999999,0.09375,1.6510416666666667,2.34375,26.0,3,,400,-1.32,2.7223386673132484,0.1361169333656624,-1.5867842870827369,-1.0532157129172632,-1.0,-5.0,2.0,0.235,0.14,0.375,-0.050769230769230775,8.735,26.0,12.5925,13.4075,14.7525,26.0,0.0,2.0166797326985035,3.3373209776334813,0.5156730769230772,0.6494900136520677,0.33596153846153803,0.3725,0.6275,0.0,0.0,0.0,1.93,7.2982316017315965,11.59731543624161,0.0,0.0,0.0,0.0,7.415,21.0,10.19,10.81,12.06,25.20000000000003,0.8000000000000109,2.4479716423282536,3.897365034965028,0.514761904761905,0.6840584760419316,0.29424603174603187,0.195,0.805,2.365,4.07,6.6175,1.965,6.111745275557779,10.012820512820513,266.9925,13.505,0.0,16.9125
P077,main_lhs_profile,profile_077,upfront_expected,1.2,small_world,0.3072916666666667,0.77890625,0.49687500000000007,0.5080729166666667,-0.07291666666666674,5.140625,2.59375,43.0,7,,400,-3.4525,3.6614559124064625,0.18307279562032314,-3.811316085964896,-3.0936839140351045,-3.0,-8.0,1.0,0.135,0.09,0.225,-0.08029069767441861,16.6375,43.0,20.96,22.04,25.0975,43.0,0.0,1.9986660017102738,2.7203132741963265,0.5125581395348836,0.7528893459386228,0.38691860465116307,0.9725,0.0275,0.0,0.0,0.0,1.775,11.811701006700957,13.637532133676093,0.0,0.0,0.0,0.0,13.185,35.0,17.31,17.69,19.33,42.00000000000001,0.9999999999999954,2.436820932414272,3.3479625808273306,0.5054285714285713,0.7456841618011849,0.31392857142857117,0.89,0.11,2.78,4.915,12.1775,1.7275,9.444563379377337,12.901685393258427,480.755,22.0675,0.0,28.0675
P078,main_lhs_profile,profile_078,upfront_expected,1.2,ring,0.9427083333333334,0.7132812500000001,0.46562500000000007,0.83984375,0.38541666666666674,2.8489583333333335,5.21875,27.0,2,,400,2.8775,2.7158670041001454,0.13579335020500727,2.611349924258151,3.143650075741849,2.0,0.0,7.0,0.78,0.1575,0.9375,0.10657407407407407,1.07,27.0,13.145,13.855,14.295,27.0,0.0,2.0233134499014964,19.76673151750973,0.5131481481481482,0.07681576362449034,0.03962962962962956,0.0,1.0,0.0,0.0,0.0,6.202334630350195,7.447535667963683,,0.0,0.0,0.0,0.0,3.9475,22.0,10.7675,11.2325,13.2525,26.399999999999803,0.6000000000000151,2.489645285158592,9.455169677066255,0.5105681818181818,0.34465797888901617,0.14952651515151538,0.04,0.96,1.535,2.4275,2.965,4.083333333333333,7.0591555953624905,10.625,149.625,14.12,0.0,17.5425
P079,main_lhs_profile,profile_079,upfront_expected,1.2,small_world,0.4635416666666667,0.74140625,0.34062500000000007,0.2846354166666667,-0.42708333333333326,2.119791666666667,0.09375,46.0,6,,400,-3.4125,3.541709051788246,0.1770854525894123,-3.7595811092612235,-3.0654188907387767,-3.0,-8.0,1.0,0.1175,0.0925,0.21,-0.07418478260869565,15.7325,46.0,22.4025,23.5975,27.7025,46.0,0.0,1.989111303607618,3.1038340615481887,0.5129891304347821,0.6643600334277455,0.34201086956521737,0.9425,0.0575,0.0,0.0,0.0,1.945,12.562859659801466,15.275862068965518,0.0,0.0,0.0,0.0,12.32,38.0,18.775,19.225,21.7975,45.60000000000008,0.39999999999997726,2.4369190368625353,3.9774229691876655,0.5059210526315789,0.6402613065173065,0.27017543859649085,0.8275,0.1725,2.77,4.8625,10.9375,1.9775,10.21658920433282,14.56797583081571,423.03,24.125,0.0,30.4775
P080,main_lhs_profile,profile_080,upfront_expected,1.2,preferential_attachment,0.036458333333333336,0.47421875,0.6718750000000001,0.4200520833333333,-1.1979166666666667,2.484375,1.59375,38.0,6,,400,-0.59,1.6458042651536648,0.08229021325768324,-0.7512858542651796,-0.42871414573482036,0.0,-3.0,1.0,0.235,0.3025,0.5375,-0.015526315789473683,3.4,38.0,18.535,19.465,21.14,38.0,0.0,2.0023604233965786,14.800657682941162,0.5122368421052628,0.1735612443493763,0.08947368421052641,0.0075,0.9925,0.0,0.0,0.0,5.4776902887139105,9.93511559161165,17.666666666666668,0.0,0.0,0.0,0.0,2.81,31.0,15.2025,15.7975,17.72,37.20000000000025,0.8000000000000057,2.4396387325759346,17.1293552123552,0.5095967741935492,0.17858198054768284,0.0755376344086025,0.0,1.0,1.215,1.5175,2.475,5.464864864864865,8.534671814671814,,240.005,19.8775,0.0,25.0125
P081,main_lhs_profile,profile_081,upfront_expected,1.2,small_world,0.671875,0.7320312500000001,0.6468750000000001,0.4471354166666666,-1.1770833333333333,3.4739583333333335,0.96875,30.0,4,,400,-0.5575,1.8426018843636982,0.09213009421818491,-0.7380716665599243,-0.3769283334400757,0.0,-3.0,1.0,0.2575,0.2925,0.55,-0.018583333333333334,4.225,30.0,14.465,15.535,16.9975,30.0,0.0,2.0014999736152443,9.499163095510701,0.5178333333333333,0.269566852417131,0.1408333333333337,0.0125,0.9875,0.0,0.0,0.0,3.9848866498740554,8.22900532856452,15.0,0.0,0.0,0.0,0.0,3.6675,25.0,11.935,13.065,14.4775,29.999999999999996,1.0658141036401503e-14,2.3834673505029516,11.166122780280942,0.5226000000000001,0.2804458139684534,0.12225000000000033,0.005,0.995,1.5475,2.12,3.3425,3.635204081632653,6.728520997143445,12.0,204.525,16.135,0.0,20.095
P082,main_lhs_profile,profile_082,upfront_expected,1.2,preferential_attachment,0.453125,0.72734375,0.234375,0.2440104166666667,0.30208333333333326,1.234375,4.34375,19.0,5,,400,-1.1725,2.0949261416210163,0.10474630708105082,-1.3777989893924325,-0.9672010106075677,-1.0,-4.0,1.0,0.21,0.1625,0.3725,-0.06171052631578948,6.51,19.0,9.19,9.81,10.53,19.0,0.0,2.044213102869349,3.470101195101194,0.5163157894736844,0.6585259774947267,0.3426315789473684,0.0825,0.9175,0.0,0.0,0.0,1.7844611528822054,5.421492848560514,8.696969696969697,0.0,0.0,0.0,0.0,5.3375,15.0,7.3925,7.6075,8.3425,17.999999999999996,1.0000000000000002,2.6012807192807164,4.21409367574781,0.5071666666666665,0.6948531537906543,0.2965277777777772,0.0275,0.9725,1.85,2.615,4.89,1.7744360902255638,4.392491058092564,7.7272727272727275,286.5175,9.58,0.0,12.03
P083,main_lhs_profile,profile_083,upfront_expected,1.2,preferential_attachment,0.9322916666666666,0.39453125,0.4843750000000001,0.4606770833333334,0.36458333333333326,5.557291666666667,1.84375,20.0,1,,400,-0.65,1.9304965792786364,0.09652482896393182,-0.839185188383195,-0.46081481161680504,-0.5,-3.0,2.0,0.26,0.24,0.5,-0.0325,4.08,20.0,9.8475,10.1525,10.89,20.0,0.0,2.0993278943278937,6.676062532485701,0.5076249999999997,0.3994251165501169,0.2040000000000001,0.005,0.995,0.0,0.0,0.0,2.8110831234256928,5.64403362520491,10.5,0.0,0.0,0.0,0.0,3.43,16.0,7.945,8.055,8.6125,19.199999999999875,0.8000000000000099,2.5554843822843782,7.323578196136347,0.5034375,0.42761419136419154,0.17864583333333342,0.0025,0.9975,1.9925,3.195,3.22,4.390180878552972,6.696181452770604,10.0,110.9825,9.9525,0.0,12.6975
P084,main_lhs_profile,profile_084,upfront_expected,1.2,preferential_attachment,0.9114583333333334,0.40859375,0.446875,0.59609375,0.34375,4.776041666666667,1.78125,21.0,5,,400,-0.1775,2.201843326644228,0.11009216633221139,-0.39327668099112745,0.03827668099112744,0.0,-3.0,2.0,0.3775,0.2275,0.605,-0.008452380952380953,4.5825,21.0,10.26,10.74,11.7025,21.0,0.0,2.0806520979021035,6.048214422708097,0.5114285714285716,0.42394481213231267,0.21821428571428597,0.015,0.985,0.0,0.0,0.0,2.6658227848101266,5.879239319049448,10.333333333333334,0.0,0.0,0.0,0.0,4.405,17.0,8.3,8.7,9.9575,20.39999999999985,0.6000000000000014,2.5104829254079197,5.888642007781242,0.5117647058823533,0.504711295648796,0.21593137254902003,0.0125,0.9875,1.6,2.19,3.875,2.2556962025316456,4.872712112079201,9.6,260.1475,10.8025,0.0,13.665
P085,main_lhs_profile,profile_085,upfront_expected,1.2,preferential_attachment,0.005208333333333333,0.53046875,0.628125,0.32526041666666666,0.21875,3.942708333333333,2.78125,32.0,5,,400,-1.5575,2.7487420225926837,0.1374371011296342,-1.8268717683536724,-1.2881282316463278,-2.0,-5.0,2.0,0.2475,0.105,0.3525,-0.048671875,8.2175,32.0,15.8575,16.1425,18.3425,32.0,0.0,2.0544525927998842,4.478588189588208,0.504453125,0.5086528255727087,0.256796875,0.32,0.68,0.0,0.0,0.0,2.365,8.81621652999778,14.1796875,0.0,0.0,0.0,0.0,6.66,26.0,12.9775,13.0225,15.11,31.20000000000017,0.8000000000000114,2.4943290834036977,5.91904610389611,0.5008653846153841,0.5105388559776134,0.21346153846153862,0.12,0.88,2.03,3.015,5.8125,2.425,7.1546628649128685,11.958333333333334,301.73,16.4225,0.0,20.6975
P086,main_lhs_profile,profile_086,upfront_expected,1.2,small_world,0.9635416666666666,0.65703125,0.321875,0.75859375,-0.71875,4.307291666666667,0.53125,47.0,6,,400,-1.715,3.267332805079377,0.16336664025396885,-2.0351927311730904,-1.3948072688269098,-1.0,-6.0,2.0,0.2525,0.1325,0.385,-0.03648936170212766,11.5225,47.0,22.695,24.305,29.115,47.0,0.0,1.9779027372732103,4.5536095537890064,0.5171276595744684,0.4728803545978431,0.2451595744680839,0.71,0.29,0.0,0.0,0.0,2.6925,13.0410477797336,18.848591549295776,0.0,0.0,0.0,0.0,9.8075,39.0,19.205,19.795,22.8775,46.799999999999656,0.19999999999997442,2.428321318974023,5.457220168067226,0.5075641025641024,0.49396805783820646,0.20956196581196587,0.5175,0.4825,2.3825,3.865,8.4025,2.71,10.761416120440012,16.444444444444443,367.26,24.76,0.0,31.315
P087,main_lhs_profile,profile_087,upfront_expected,1.2,small_world,0.026041666666666668,0.46953125,0.571875,0.25755208333333335,-1.46875,4.932291666666667,1.71875,57.0,5,,400,-0.9975,2.3153608768343084,0.11576804384171542,-1.2244011964904162,-0.7705988035095839,-1.0,-4.0,2.0,0.24,0.1825,0.4225,-0.0175,5.0925,57.0,28.17,28.83,32.6725,57.0,0.0,2.0155860496672413,14.365535427721355,0.5057894736842106,0.1765548912926186,0.08934210526315793,0.02,0.545,0.0,0.0,0.0,6.366834170854271,15.059474410291001,23.75,0.0,0.0,0.0,0.0,4.095,47.0,23.165,23.835,26.5075,56.40000000000022,0.5999999999999582,2.4207777014995475,18.37753640299096,0.5071276595744677,0.172679268519545,0.07260638297872304,0.01,0.99,1.56,2.0825,3.7225,5.911616161616162,12.0901746541898,20.5,221.75,29.885,0.0,37.505
P088,main_lhs_profile,profile_088,upfront_expected,1.2,ring,0.828125,0.45546875,0.7406250000000001,0.25078125,-0.59375,3.109375,3.46875,45.0,6,,400,-0.0425,1.9583875905671018,0.09791937952835508,-0.23441845726408464,0.14941845726408462,0.0,-3.0,2.0,0.395,0.22,0.615,-0.0009444444444444445,3.8475,45.0,22.17,22.83,25.0575,45.0,0.0,2.015863209540344,15.951502142358922,0.5073333333333333,0.16734103374471856,0.0854999999999999,0.015,0.985,0.0,0.0,0.0,5.882352941176471,12.047174245192148,20.666666666666668,0.0,0.0,0.0,0.0,3.805,37.0,17.9575,19.0425,21.3,44.39999999999987,0.5999999999999736,2.4032516732305655,15.846207323604244,0.5146621621621619,0.19985960276717452,0.08569819819819795,0.015,0.985,1.435,1.86,3.395,5.229381443298969,10.031894887758288,17.166666666666668,255.4025,23.595,0.0,29.68
P089,main_lhs_profile,profile_089,upfront_expected,1.2,small_world,0.859375,0.56796875,0.296875,0.8330729166666666,0.07291666666666674,1.546875,4.78125,36.0,3,,400,3.1925,2.7338853437336583,0.13669426718668293,2.924584159421006,3.4604158405789938,3.0,0.0,7.0,0.8225,0.1225,0.945,0.08868055555555555,1.7475,36.0,17.38,18.62,19.485,36.0,0.0,1.9941656234318472,21.817346938775504,0.517222222222222,0.09267100622645286,0.04854166666666681,0.0,1.0,0.0,0.0,0.0,6.737012987012987,9.381563079777363,,0.0,0.0,0.0,0.0,4.94,30.0,14.57,15.43,17.6475,36.0,0.0,2.4038106489687396,11.000968424715124,0.514333333333333,0.3155979777577235,0.13722222222222233,0.06,0.94,1.8175,2.85,3.92,4.7678100263852246,9.165410278668858,14.333333333333334,191.905,19.1775,0.0,24.155
P090,main_lhs_profile,profile_090,upfront_expected,1.2,ring,0.6822916666666666,0.48828125,0.33437500000000003,0.7992187499999999,-0.6770833333333334,3.265625,2.15625,34.0,7,,400,0.455,2.1632554600563614,0.10816277300281807,0.24300486044649533,0.6669951395535048,1.0,-2.0,3.0,0.505,0.1875,0.6925,0.01338235294117647,4.7175,34.0,16.415,17.585,19.535,34.0,0.0,1.9963106531848547,9.712137876188514,0.5172058823529414,0.2664771072334139,0.13875000000000018,0.0275,0.9725,0.0,0.0,0.0,4.258227848101265,9.324906183830237,16.09090909090909,0.0,0.0,0.0,0.0,5.1725,28.0,13.665,14.335,16.185,33.60000000000023,0.4000000000000057,2.424158859973877,8.417198300853102,0.5119642857142855,0.36048540450562533,0.1539434523809532,0.0425,0.9575,1.6325,2.28,4.4625,3.302030456852792,7.904106905502848,13.647058823529411,323.195,18.0275,0.0,22.4725
P091,main_lhs_profile,profile_091,upfront_expected,1.2,small_world,0.953125,0.54453125,0.390625,0.33203125,-0.38541666666666674,5.036458333333333,3.59375,19.0,5,,400,-0.2825,2.068426871878911,0.10342134359394554,-0.48520210867687547,-0.07979789132312448,0.0,-3.0,2.0,0.3575,0.2,0.5575,-0.014868421052631578,3.9075,19.0,9.155,9.845,10.5925,19.0,0.0,2.031705599955596,6.468222310569251,0.5181578947368419,0.39470864552114604,0.20565789473684237,0.005,0.995,0.0,0.0,0.0,2.86734693877551,5.496444860411698,9.5,0.0,0.0,0.0,0.0,3.625,15.0,7.39,7.61,8.3075,17.999999999999996,1.0000000000000002,2.5545399600399574,6.430177187153927,0.5073333333333333,0.4731570443445442,0.20138888888888937,0.0,1.0,1.44,1.915,3.3125,2.4702842377260983,4.522370903572454,,242.1975,9.585,0.0,11.91
P092,main_lhs_profile,profile_092,upfront_expected,1.2,small_world,0.16145833333333334,0.64296875,0.490625,0.5622395833333333,-0.28125,4.984375,1.09375,47.0,3,,400,-3.3875,3.8030911777481307,0.19015455888740654,-3.7601960869154176,-3.0148039130845827,-3.0,-8.0,2.0,0.1625,0.07,0.2325,-0.07207446808510638,15.6375,47.0,23.2625,23.7375,28.045,47.0,0.0,2.0244796377709355,3.2247499952199736,0.5050531914893617,0.6570929706401683,0.33271276595744503,0.9475,0.0525,0.0,0.0,0.0,1.985,12.851619318009059,15.66754617414248,0.0,0.0,0.0,0.0,12.25,39.0,19.6775,19.3225,22.17,46.799999999999656,0.19999999999997442,2.4809568595794884,4.0843437613083475,0.4954487179487176,0.6344446300689637,0.26175213675213665,0.8125,0.1875,3.1125,6.5275,10.8775,2.0175,10.391886074462615,14.686153846153847,329.97,24.3125,0.0,31.29
P093,main_lhs_profile,profile_093,upfront_expected,1.2,ring,0.171875,0.69921875,0.384375,0.6976562499999999,-1.34375,5.244791666666667,0.78125,20.0,4,,400,-1.0375,2.2312642381059726,0.11156321190529864,-1.2561598773339955,-0.8188401226660046,-1.0,-4.0,2.0,0.2625,0.135,0.3975,-0.051875000000000004,5.545,20.0,9.735,10.265,11.09,20.0,0.0,2.064086489490902,4.529101133372491,0.51325,0.539215952960438,0.27724999999999994,0.04,0.96,0.0,0.0,0.0,2.2839195979899496,5.691626512794855,9.625,0.0,0.0,0.0,0.0,4.5075,16.0,7.835,8.165,9.0625,19.199999999999875,0.8000000000000099,2.519285914085909,5.18273320588041,0.5103125,0.5534023754023755,0.23476562500000003,0.01,0.99,1.725,2.4825,4.15,2.1294416243654823,4.636700947107037,8.25,234.13,10.1225,0.0,12.7625
P094,main_lhs_profile,profile_094,upfront_expected,1.2,preferential_attachment,0.6510416666666666,0.35703124999999997,0.37812500000000004,0.7315104166666666,-0.09375,5.869791666666667,1.21875,29.0,6,,400,-0.6825,2.6064684814634065,0.13032342407317032,-0.9379292175253542,-0.42707078247464586,-1.0,-4.0,2.1000000000000227,0.315,0.165,0.48,-0.02353448275862069,6.31,29.0,14.26,14.74,16.51,29.0,0.0,2.0340456470451596,5.589111118622396,0.5082758620689657,0.4254868669127569,0.21758620689655137,0.1025,0.8975,0.0,0.0,0.0,2.862155388471178,8.174119176562785,13.731707317073171,0.0,0.0,0.0,0.0,5.6275,24.0,11.87,12.13,14.0,28.799999999999883,0.20000000000001136,2.4663038534221187,6.466878336853027,0.5054166666666663,0.4635900216806758,0.19539930555555565,0.05,0.95,1.7625,2.4625,4.8775,2.5240506329113925,6.685448398296501,11.05,310.875,15.155,0.0,19.065
P095,main_lhs_profile,profile_095,upfront_expected,1.2,ring,0.5572916666666666,0.44609374999999996,0.228125,0.8263020833333332,-0.78125,3.786458333333333,4.40625,38.0,3,,400,2.3175,2.4681822377809226,0.12340911188904613,2.0756225853333956,2.559377414666604,2.0,-1.0,6.0,0.75,0.14,0.89,0.06098684210526315,3.345,38.0,18.3625,19.6375,21.2775,38.0,0.0,1.9798361173873957,15.221230158730169,0.5167763157894738,0.16996702956122062,0.08802631578947386,0.01,0.99,0.0,0.0,0.0,6.55,10.800451127819548,16.25,0.0,0.0,0.0,0.0,5.6625,31.0,15.2325,15.7675,18.95,37.20000000000025,0.8000000000000057,2.43097242262943,8.650383520997337,0.5086290322580644,0.3610867988192917,0.15221774193548404,0.07,0.93,1.9375,2.94,4.4075,4.3861892583120206,9.455106601270282,14.714285714285714,205.735,19.62,0.0,24.8675
P096,main_lhs_profile,profile_096,upfront_expected,1.2,preferential_attachment,0.22395833333333334,0.44140625,0.30312500000000003,0.39973958333333337,-1.0520833333333333,3.994791666666667,1.65625,31.0,1,,400,-1.53,2.5417023088014097,0.12708511544007048,-1.7790822492336533,-1.2809177507663467,-1.0,-5.0,1.0,0.195,0.1575,0.3525,-0.04935483870967742,6.4025,31.0,15.5025,15.4975,17.385,31.0,0.0,2.073645105973693,5.929830220031218,0.4999193548387096,0.41113039618834885,0.20653225806451625,0.1075,0.8925,0.0,0.0,0.0,3.180904522613065,8.702079627519327,14.627906976744185,0.0,0.0,0.0,0.0,4.8725,25.0,12.405,12.595,13.855,29.999999999999996,1.0000000000000042,2.491273514926764,7.945105062863244,0.5038000000000004,0.3892484436573065,0.16241666666666693,0.03,0.97,2.385,4.2875,4.415,5.80352644836272,9.89448142817161,14.0,129.54,15.745,0.0,19.9425
