scenario,factor,level,accounting,r_star_primary_grid,r_star_conservative_grid,r_star_probability_grid,r_star_efficiency_grid,crossing_count,material_upward_jumps,competitive_regions,no_competitive_region,competitive_through_upper_bound,interpretable_single_threshold,grid_min,grid_max,grid_points
process__preferential_attachment__acceptance_high,exposure_process,preferential_attachment:acceptance_high,upfront_expected,1.35,1.3,1.25,1.35,1,0,"[0.25,1.35]",0,0,1,0.25,3.0,16
process__preferential_attachment__acceptance_low,exposure_process,preferential_attachment:acceptance_low,upfront_expected,,,,,0,0,,1,0,0,0.25,3.0,12
process__preferential_attachment__direct_exposure_advantage,exposure_process,preferential_attachment:direct_exposure_advantage,upfront_expected,,,,,0,0,,1,0,0,0.25,3.0,12
process__preferential_attachment__eligible_neighbors_abundant,exposure_process,preferential_attachment:eligible_neighbors_abundant,upfront_expected,1.35,1.25,1.25,1.35,1,0,"[0.25,1.35]",0,0,1,0.25,3.0,16
process__preferential_attachment__eligible_neighbors_none,exposure_process,preferential_attachment:eligible_neighbors_none,upfront_expected,,,,,0,0,,1,0,0,0.25,3.0,12
process__preferential_attachment__equal_high,exposure_process,preferential_attachment:equal_high,upfront_expected,1.0,1.0,0.75,1.0,1,0,"[0.25,1.00]",0,0,1,0.25,3.0,16
process__preferential_attachment__neutral,exposure_process,preferential_attachment:neutral,upfront_expected,1.1,1.05,1.05,1.1,1,0,"[0.25,1.10]",0,0,1,0.25,3.0,16
process__preferential_attachment__referral_exposure_advantage,exposure_process,preferential_attachment:referral_exposure_advantage,upfront_expected,1.6,1.5,1.25,1.6,1,0,"[0.25,1.60]",0,0,1,0.25,3.0,16
process__ring__acceptance_high,exposure_process,ring:acceptance_high,upfront_expected,1.5,1.5,1.25,1.5,1,0,"[0.25,1.50]",0,0,1,0.25,3.0,16
process__ring__acceptance_low,exposure_process,ring:acceptance_low,upfront_expected,,,,,0,0,,1,0,0,0.25,3.0,12
process__ring__direct_exposure_advantage,exposure_process,ring:direct_exposure_advantage,upfront_expected,0.75,0.5,0.5,0.75,1,0,"[0.25,0.75]",0,0,1,0.25,3.0,16
process__ring__eligible_neighbors_abundant,exposure_process,ring:eligible_neighbors_abundant,upfront_expected,1.6,1.5,1.5,1.6,1,0,"[0.25,1.60]",0,0,1,0.25,3.0,16
process__ring__eligible_neighbors_none,exposure_process,ring:eligible_neighbors_none,upfront_expected,,,,,0,0,,1,0,0,0.25,3.0,12
process__ring__equal_high,exposure_process,ring:equal_high,upfront_expected,1.15,1.1,1.1,1.15,1,0,"[0.25,1.15]",0,0,1,0.25,3.0,16
process__ring__neutral,exposure_process,ring:neutral,upfront_expected,1.25,1.0,1.0,1.25,1,0,"[0.25,1.25]",0,0,1,0.25,3.0,16
process__ring__referral_exposure_advantage,exposure_process,ring:referral_exposure_advantage,upfront_expected,1.8,1.8,1.5,1.8,1,0,"[0.25,1.80]",0,0,1,0.25,3.0,16
process__small_world__acceptance_high,exposure_process,small_world:acceptance_high,upfront_expected,1.45,1.4,1.4,1.45,1,0,"[0.25,1.45]",0,0,1,0.25,3.0,16
process__small_world__acceptance_low,exposure_process,small_world:acceptance_low,upfront_expected,,,,,0,0,,1,0,0,0.25,3.0,12
process__small_world__direct_exposure_advantage,exposure_process,small_world:direct_exposure_advantage,upfront_expected,0.65,,0.65,0.65,1,0,"[0.25,0.65]",0,0,1,0.25,3.0,16
process__small_world__eligible_neighbors_abundant,exposure_process,small_world:eligible_neighbors_abundant,upfront_expected,1.45,1.4,1.4,1.45,1,0,"[0.25,1.45]",0,0,1,0.25,3.0,16
process__small_world__eligible_neighbors_none,exposure_process,small_world:eligible_neighbors_none,upfront_expected,,,,,0,0,,1,0,0,0.25,3.0,12
process__small_world__equal_high,exposure_process,small_world:equal_high,upfront_expected,1.1,1.05,1.05,1.1,1,0,"[0.25,1.10]",0,0,1,0.25,3.0,16
process__small_world__neutral,exposure_process,small_world:neutral,upfront_expected,1.2,1.1,1.1,1.2,1,0,"[0.25,1.20]",0,0,1,0.25,3.0,16
process__small_world__referral_exposure_advantage,exposure_process,small_world:referral_exposure_advantage,upfront_expected,1.65,1.65,1.65,1.65,1,0,"[0.25,1.65]",0,0,1,0.25,3.0,16
