sha256,bytes,file
c9273c8cbdee2cafa44493f5ab88acb04e09d774895f3a27068ce14f21dd1178,2080,README_v0.4.md
c2a513aa48b975eef934e1b9f3839e7ab1d679c41e2d922cc8108bdd526837da,1215,README_v0.4_CHECKPOINT.md
9c8e4dea30064448e94caf6040d2017d1be3fea3589dd3f8d1d766bd322e83b1,1753,README_v0.5.md
cc285fc18cfdfeaba9526056b21f84d74afebba8f818bade3f95dc4b35caf2fb,4104,configs/main_study_v0.5.json
600a11278896013790904296622d4dc664e2b8c2dfee38ab3577407b4db2d734,1103,configs/pilot.json
be85c1cb66aeeadd1d191916c67c3f098a74be9c4a801847ddfc5467c2d2822a,547,configs/single_example.json
be85c1cb66aeeadd1d191916c67c3f098a74be9c4a801847ddfc5467c2d2822a,547,configs/single_example_v0.3.json
3357cccb05ed7f1628618c849c5aef010746364f8289df1da57f0f21e2d8a402,1437,configs/validation_v0.3.json
2da23b715cb0b284ce3da182c86fd8f6143884ffcc91c63ca2f2e4e8ab847a5e,1871,docs/ACCOUNTING_ROBUSTNESS_v0.4.md
7f233db2f7a93c8e159d43710a87e6e583c7a8810019afcc13128f600183ff46,3036,docs/ACCOUNTING_STOP_GATE_v0.4.md
9237093f5459a33e6c3c6e6965a9dc9a44e4f9cb35a05ba87cad33f7467e3427,1953,docs/COST_EXPOSURE_TEST_CATALOG_v0.4.md
9b307bbc46d9e6fc6f776b397a9eddc5e6b35b2763d5eda3acc387f47b4739d7,3777,docs/DECISION_LOG_v0.4.md
de7017e8076cdffee8c7ac744036fd3cdc4b4c3a202104fdddbeb59c0caddfed,2243,docs/DECISION_LOG_v0.4_CHECKPOINT.md
cc6b2942cc8e85222f9241fa3f0d1b57e9fbb8dab049688b10d5d95a2e07523e,5104,docs/DECISION_LOG_v0.5.md
b74416b78177dfe2bdff8cb8a331282d11edf08c45c88e314d028e110811cb09,7277,docs/MODEL_SPECIFICATION_v0.4.md
8059a6edf09c13b2f9adcdc66defdcb0b28d8f8102f1a23f0400aeb349d2fe7f,4786,docs/PREREGISTERED_DESIGN_v0.5.md
c879302479975ff611ba36eab785adaa23b941a543bbe67accb5d96f510e8f2b,1249,docs/PROTOCOL_CORRECTION_v0.5.md
4a3f29c3bde351906f53beb8423964b58ba772cd85ea5be6f0556798da33748d,5001,docs/PROVISIONAL_PREREGISTRATION_v0.4.md
846c4f4a50ed349ec9bc46c48d58b0dfc27eefee2a0ea46b6c28a10d0960066e,5281,docs/VALIDATION_REPORT_v0.4.md
bf546b408c56473b17ed440de53c755b3dd2ae223b321bbe7ebfa81a6e68a08b,4118,docs/VALIDATION_REPORT_v0.5.md
28907f3b029395f1a875751da3b27a1edf224eeb4ab6c959d119bc97985453d7,7194,outputs/final_hashes_v0.4.csv
1b5d674d976f129b1bb02298d009bc383e40638a2ef99b7cae238d57f248d55e,10285,outputs/main_study_v0_5/reproduction_comparison_v0.5.csv
cab6184473f6637b29a2bb07a5866daf0793cb27063298d2f379876b74187e9e,1226,outputs/main_study_v0_5/run1/ARTICLE_RESULTS_PACKAGE_v0.5.md
dacda0f4782ebc93a9dce41e3da81c7b7dff9bd765a4a91771342579916ed187,2984,outputs/main_study_v0_5/run1/MAIN_SIMULATION_REPORT_v0.5.md
7f53b6d0870a7864f23e0ea85fcb507150823e3b97a9246aabec5c9c3d82bc83,706,outputs/main_study_v0_5/run1/accounting_robustness_comparison_v0.5.csv
54794726d3049170351bfc16916f94797ca61238edc9211ca45b2aec186f1a0c,114766,outputs/main_study_v0_5/run1/accounting_staged_curve_v0.5.csv
63b467cb4dcc70cf770bad8cce56d1806821337e992dde6d39c62dea14569b25,2796387,outputs/main_study_v0_5/run1/accounting_staged_runs_v0.5.csv.gz
3214622d1df8a3c325dc9c015b4245f2e8a2f3c04aea18abe47b62754a57383d,112369,outputs/main_study_v0_5/run1/accounting_upfront_curve_v0.5.csv
7d2ec3d7601b42831d7659a67a4b53607668ba11da03a9e2a75d07d93e192a85,2316856,outputs/main_study_v0_5/run1/accounting_upfront_runs_v0.5.csv.gz
6020769e276010366a8b2b39b8fc9e713e25155c96cf00500c148f4d151b2d15,1236,outputs/main_study_v0_5/run1/competitiveness_rules_v0.5.md
db17a2c20a62d04592d6f1c0645105ce46aea88539da06b43938d46bb59695a1,626702,outputs/main_study_v0_5/run1/dynamic_robustness_runs_v0.5.csv.gz
56df1855b9a3250bebd9a33d383e3b3952a5ba84842a3ea96451f469fb33c037,21308,outputs/main_study_v0_5/run1/dynamic_robustness_summary_v0.5.csv
c3b6d507b965876d23a528bd3dd90e95424ade39b72397b9f8d19743cfd1477f,121746,outputs/main_study_v0_5/run1/figure_process_robustness_v0.5.png
749608fcc2a07ffeb44acce51b2be7618007016d89cb89a85668e75e7a8aefb1,45387,outputs/main_study_v0_5/run1/figure_r_star_by_network_v0.5.png
b97093d865a45489c1ec84bd0f3a97783df1f8da10b5525887acc03b73e4ac9e,101405,outputs/main_study_v0_5/run1/figure_r_star_profile_map_v0.5.png
c5cceacfd6eb68d59a1944affd73f95c18a6e9130aadccc745dc5fd80371febc,78874,outputs/main_study_v0_5/run1/figure_sensitivity_importance_v0.5.png
3285a7752329efc12955473057753848ada775394749b66df0bd4db99894e119,1179742,outputs/main_study_v0_5/run1/main_curve_summary_v0.5.csv
160b0e66e1fc66e3afb28a110f4da6febe6501452e24b347cacaee9a12680db8,3549870,outputs/main_study_v0_5/run1/main_fixed_cost_1.20_runs_v0.5.csv.gz
a66b5dbf318d2d42af2e38eedbe4930513678b60f8f6929240c6b6bc7795eb5a,78307,outputs/main_study_v0_5/run1/main_fixed_cost_1.20_summary_v0.5.csv
a7f73064b011ec1944dbc8cf8a8c5f2bae45a9f0e3e743b16406e49c2cce2cdd,24021707,outputs/main_study_v0_5/run1/main_paired_runs_v0.5.csv.gz
e0dfe782cd448d15eb589ce7969d682352bc0abd51dabfca7cd36bfb3b0953f3,7689,outputs/main_study_v0_5/run1/main_threshold_bootstrap_v0.5.csv
b46e38a774d9b35cb586cbd1a4b12d3526ac7b73ee6077cdf27456d790678777,414,outputs/main_study_v0_5/run1/main_threshold_distribution_v0.5.json
f682c44a55edf13ac3d294d2fc9cf317cb299cccb4c481d0537779811b6104a2,21926,outputs/main_study_v0_5/run1/main_thresholds_v0.5.csv
0e57bdff2072573b4531cdb0f1245af96462a130a950cf4b651c5022de1b3762,404,outputs/main_study_v0_5/run1/manifest_v0.5.json
9a169602a6a57a6b2f72336c8563057830e0091bc7fc776911513d796c6cd206,266,outputs/main_study_v0_5/run1/network_threshold_summary_v0.5.csv
74e216d4dd81b8f18a29da4891d26f2a15b2d69ffe72066b563c729ba10a5a28,473,outputs/main_study_v0_5/run1/pre_execution_registry_v0.5.json
58bd62b1f4c82ca42c390b700592d400ad6385054369d71409d24698426dd572,3645,outputs/main_study_v0_5/run1/principal_hashes_v0.5.csv
dd0f209dacfeb48a59bb4f25ef9001cbb3d12181a86844bbce5e43ebbdaca510,290105,outputs/main_study_v0_5/run1/process_robustness_curve_v0.5.csv
982f9bf28dc82696c945f0e6d3b2cd85416e8159f6f88108f5e1882913985cfa,5675802,outputs/main_study_v0_5/run1/process_robustness_runs_v0.5.csv.gz
fc0b510af498f9730e923a9b581c35e0ab2caf7d5d89afa29fd49d01b280ae7c,4071,outputs/main_study_v0_5/run1/process_robustness_thresholds_v0.5.csv
53cfa4aca48b6415a1704509f2a82c797a58f5d9dae6bd357eb3c6015ec4433d,12197,outputs/main_study_v0_5/run1/registered_profiles_v0.5.csv
956ad0d1af039974caaf87a4c899d05e31af17b5f0ee6c96552e13b09dc8792d,577,outputs/main_study_v0_5/run1/sensitivity_manifest_v0.5.json
10ed2dc90edbadf5917a173a23e92a606efbf33ff676ed5e3f93acdaadde0fcc,911,outputs/main_study_v0_5/run1/sensitivity_permutation_importance_v0.5.csv
f4328678218543314ad8ff7af37d5f7390779ae56d324b8c131a20521b698400,593,outputs/main_study_v0_5/run1/sensitivity_spearman_v0.5.csv
8dfc1f989d48fabffe8d05d8eee745bfe56ed92b4e480aa385b58afbc8b98813,572,outputs/main_study_v0_5/run1/stopping_diagnostics_v0.5.json
e73ae9ba08a9a4d30c87c5801a6c8339ac27aa0e853f4088adbc0105ee76fce3,113406,outputs/main_study_v0_5/run1/structural_robustness_curve_v0.5.csv
41efad5d5057c2afebfe4f62d98fd6040cbee622c0392b7c92024ee124fddc00,2423344,outputs/main_study_v0_5/run1/structural_robustness_runs_v0.5.csv.gz
e3b0c44298fc1c149afbf4c8996fb92427ae41e4649b934ca495991b7852b855,0,outputs/main_study_v0_5/run1/structural_robustness_runs_v0.5.csv.gz.canonical
372f9b196904de23b66a2a0e47154f1397326ce3606ebe52ec569efa7d1c1100,1458,outputs/main_study_v0_5/run1/structural_robustness_thresholds_v0.5.csv
0e57bdff2072573b4531cdb0f1245af96462a130a950cf4b651c5022de1b3762,404,outputs/main_study_v0_5/run2/manifest_v0.5.json
58bd62b1f4c82ca42c390b700592d400ad6385054369d71409d24698426dd572,3645,outputs/main_study_v0_5/run2/principal_hashes_v0.5.csv
8e610a5a633d3f364014f342ee713cb8afe387bb74679c7dc90a2e28cfc1e62a,2099,outputs/reproduction_2/break_even_v0_4/BREAK_EVEN_ANALYSIS_v0.4.md
f918a68a2f4a7177e6ebb80e2ec2b6ba1fc6a92fab53b4057edfcde6236266ae,428,outputs/reproduction_2/break_even_v0_4/accounting_robustness_comparison_v0.4.csv
6853a2d3fbabdf3903f95a875eacced0f4a32c2b2a33f422c2f0b0fc82fde35f,3345,outputs/reproduction_2/break_even_v0_4/break_even_condition_map_v0.4.csv
27b8d62e9e5a670320bdf62053ff810fd482a2d7fc38e324e9d36fe785a0862e,165156,outputs/reproduction_2/break_even_v0_4/break_even_condition_map_v0.4.png
4550f19db4b0b7679bb0acba742d42d8d8a3ee5bcc43526c8836879a9c8c58cd,104027,outputs/reproduction_2/break_even_v0_4/break_even_primary_curve_v0.4.csv
5105fb4aa33ed6e084a06d71125295987050edc744fac9d9a2f01509deafc4a3,9168384,outputs/reproduction_2/break_even_v0_4/break_even_primary_runs_v0.4.csv
7157e0173f6ed5aaa5a25768665f1cb5bb1cbab2d90771eca673753665fbb102,2611,outputs/reproduction_2/break_even_v0_4/break_even_threshold_bootstrap_v0.4.csv
7aa62ee6069042f081d28d52b66efea80d3f02048adff5966eb2599f9d8ca5fb,3425,outputs/reproduction_2/break_even_v0_4/budget_rounding_diagnostics_v0.4.csv
5cff511d1d0b973f6b77f3d8760a2d58b9ee039b2f6f435a1342a2c521aa7fae,8839,outputs/reproduction_2/break_even_v0_4/manifest_v0.4.json
db0bced8127140c02e1e6b027bc282cf592e347a0c077ed57efcb3e8a7c9c65e,638,outputs/reproduction_2/break_even_v0_4/precision_pilot_checkpoints_v0.4.csv
13efdee7e4d8eb02259a446a8965301809be4259296914eac6e4bb5f36d38992,491,outputs/reproduction_2/break_even_v0_4/precision_pilot_manifest_v0.4.json
11b31c2a052b2126da933b69f594018b3a89eded684f93c46e712d96a3d09d71,3969932,outputs/reproduction_2/break_even_v0_4/precision_pilot_runs_v0.4.csv
1bd9aed6136f571758e673515719878649e467e8044e61cc15f5dc18fefd693a,27252,outputs/reproduction_2/break_even_v0_4/staged_robustness_curve_v0.4.csv
929788a7c93f6af489574a4f0a0fc151336931264e32b5eab5d0f267e63c3e6e,12360272,outputs/reproduction_2/break_even_v0_4/staged_robustness_runs_v0.4.csv
1eaa8130c6f7a8ecee47c68d2000fa4a5fa40503fa2ba09100c03a311df701b6,968,outputs/reproduction_2/break_even_v0_4/staged_robustness_thresholds_v0.4.csv
6eddd00ece5c4776d4d122a0682c76b73725e3d776c09152d3e86fb910c021a1,772,outputs/reproduction_2/break_even_v0_4/staged_threshold_bootstrap_v0.4.csv
58e008a62e176a9eb85386e0f9137df27994646df8de4ffe9f25952572e9d2fe,391,outputs/test_results_v0.5.txt
e8af296b53ab1554a31e52bbbe182cc597b5c251b36a78228018d82ca37e5ef2,435,pyproject.toml
3691c378003da8bfed68e7cc58c9142aef9a5f92d30ab9284c07ea43073d5f85,1332,scripts/build_final_manifest_v0_4.py
b5c3bd17d4e39d31aca6b57b0db1f152ce14e7fc6f398755f6792cdcb11c0740,1998,scripts/build_final_manifest_v0_5.py
4181d981f918e334ec6cd6ce8a5e7119267c3dedb8132f56a01a1b4c9316f947,955,scripts/canonicalize_gzip_v0_5.py
def63b0547ccc9676f1f51fcc56aa9ec7b9e6dfbd2de4972bf615acc69bfdf62,2565,scripts/compare_main_reproductions_v0_5.py
649b412556cc0978b71b5a4296b456aba1dc350164acef4d45de3e048088a265,1612,scripts/compare_reproductions_v0_4.py
bae1df242506d3dcad50aec0db0609a0e6ba0a868c8a1313bf88c9d49372487d,5373,scripts/export_process_registry_v0_4.py
938c76eb993c3a1c01c0dec716ed3c66babb15e9324bd3a62e4cdfd4a5b20890,3160,scripts/make_validation_plots.py
ce060b0aaa63ce8011ac18e822353e7c230de05ad911250fdada81e0702ba9e7,2738,scripts/precheck_accounting_gate.py
7ea03a7c98829edb5549c8264bc0e61280687dcc13133abcb7aac41cddcb2a4e,30745,scripts/run_break_even_v0_4.py
98eef955764eba52cb29cfdba5a14206c465655f54118970d017eef9d6c5fd4b,62146,scripts/run_main_study_v0_5.py
7e2c22c4435148d742d8b72cd06b42534fc04111733fdb48722d41145df0237a,567,scripts/run_validation.py
0f99df141a66094a40ffcbecea53e486408935b609efb9a711e377eb7e26a01e,377,scripts/run_verification.sh
f5155e1752a452bab3f844a785c0960e1034eb22a8ef59360423cf8326ef1fc3,1345,scripts/verify_frozen_v0_4.py
cfe8ee2d11918aa3890eb8c7aad2eedad8c75f3716d066e4efbf48bc3462da9d,2012,scripts/verify_reproduction.py
6ac16adbf8ed42f9082c28524066883312f81b3b04aa0a4f8858a4747960e101,258,src/ena_abm/__init__.py
6d8b7d7846a845059d7a3107143f11131f63c5511d669b44085b15ec5e3d2279,30,src/ena_abm/__main__.py
cc0a5561893dc1e804661cc68d612ce2dabe7f1ecb2dbe65ed59c6e0abaf07bf,2275,src/ena_abm/agents.py
336189aa4c3acb9faaba633f00ecb1cf5680aefa87913e312452bac8ac34abb1,6082,src/ena_abm/analysis.py
1d41d0b7dd0b53a8f27e5123cb8a2118e2598f8ca2ca59a26932cea0925cc46d,15929,src/ena_abm/break_even.py
a4c67eb5cee453a2f28593b525f558ffd7c04518fc50d9a3a4e4d21dc2e5c95b,1585,src/ena_abm/cli.py
50b6febf1a0a7b31ae743bb9316bf1a61a822d51961aff472148e635310c3827,6456,src/ena_abm/config.py
721ea4c7497f2b93050cd58bb4f3fb2ee9521d5f59c4011f2e59df67cbaba9b3,1845,src/ena_abm/decision.py
c060f403aab442e2e25a46517023254e5f8d83301ab0568be35f1ae5258d3a9e,660,src/ena_abm/events.py
b1b5abf04297be8763180e8818f08f6216e800185737fe311141cf3fb7222fa6,4185,src/ena_abm/experiments.py
bfc3a65f210f1861c59fb89cc3c324f9040ab76de5f5e91fd95bd2129aa4fb3f,40884,src/ena_abm/model.py
86dd02599b11be734cb9bf8bf5d7aee8123caf518cf7ac307edb9535b2e4e83f,6816,src/ena_abm/network.py
7ca1ba1527e58d24cdacb02a7c998dfd29f073e030c1a98ea7bac06e2e62ab5a,562,src/ena_abm/rng.py
90a037a0622ba735177be36605405af53c3f6043a2dd76de4c41d06462a73f10,3058,src/ena_abm/strategies.py
490e584b36b2f9e1d567b9a00e2db89ce69cec03ce2e6cc71b1d9f29db6e601f,28352,src/ena_abm/validation.py
3988f95b1799be8dffe76c4ae5078d1088841188aaafa22a053cd103b061edba,2580,tests/test_break_even_v0_4.py
4fa5e2a46d02cafad21118cce66485c9468f8e4d88ce533bf9d1184fec5a7a65,12143,tests/test_controlled_dynamics.py
a1bf1e22bdd325a2a885ec3f66e0a538a012feef04bca561fc1019ce56fc6a74,13259,tests/test_cost_exposure_v0_4.py
086250916a58086722df2a6da6a4887a093f87d4b65c3d3fbbbb7caf6ba2b429,3262,tests/test_decision_rule.py
7845a8b88fd843f0cbb2dd876a900c6d58676dbbb93bac2403c76bd26557c033,2669,tests/test_main_study_v0_5.py
dac9308c8359d8fbd9e3e13b5cf9225c204d423ac992a3720adcf63715a68de0,1942,tests/test_networks.py
6039fb7eb9b7c576f37f53f5cc8b0dcfea58eca361d64655bce6a9082baa9a58,3202,tests/test_reproducibility.py
