file,run1_sha256,run2_sha256,run1_logical_sha256,run2_logical_sha256,binary_identical,identical
ARTICLE_RESULTS_PACKAGE_v0.5.md,cab6184473f6637b29a2bb07a5866daf0793cb27063298d2f379876b74187e9e,cab6184473f6637b29a2bb07a5866daf0793cb27063298d2f379876b74187e9e,cab6184473f6637b29a2bb07a5866daf0793cb27063298d2f379876b74187e9e,cab6184473f6637b29a2bb07a5866daf0793cb27063298d2f379876b74187e9e,1,1
MAIN_SIMULATION_REPORT_v0.5.md,dacda0f4782ebc93a9dce41e3da81c7b7dff9bd765a4a91771342579916ed187,dacda0f4782ebc93a9dce41e3da81c7b7dff9bd765a4a91771342579916ed187,dacda0f4782ebc93a9dce41e3da81c7b7dff9bd765a4a91771342579916ed187,dacda0f4782ebc93a9dce41e3da81c7b7dff9bd765a4a91771342579916ed187,1,1
accounting_robustness_comparison_v0.5.csv,7f53b6d0870a7864f23e0ea85fcb507150823e3b97a9246aabec5c9c3d82bc83,7f53b6d0870a7864f23e0ea85fcb507150823e3b97a9246aabec5c9c3d82bc83,7f53b6d0870a7864f23e0ea85fcb507150823e3b97a9246aabec5c9c3d82bc83,7f53b6d0870a7864f23e0ea85fcb507150823e3b97a9246aabec5c9c3d82bc83,1,1
accounting_staged_curve_v0.5.csv,54794726d3049170351bfc16916f94797ca61238edc9211ca45b2aec186f1a0c,54794726d3049170351bfc16916f94797ca61238edc9211ca45b2aec186f1a0c,54794726d3049170351bfc16916f94797ca61238edc9211ca45b2aec186f1a0c,54794726d3049170351bfc16916f94797ca61238edc9211ca45b2aec186f1a0c,1,1
accounting_staged_runs_v0.5.csv.gz,63b467cb4dcc70cf770bad8cce56d1806821337e992dde6d39c62dea14569b25,63b467cb4dcc70cf770bad8cce56d1806821337e992dde6d39c62dea14569b25,0904cf701ba4767aa4b24024e0746619082ffaabaf8a5f076853290b77d1b499,0904cf701ba4767aa4b24024e0746619082ffaabaf8a5f076853290b77d1b499,1,1
accounting_upfront_curve_v0.5.csv,3214622d1df8a3c325dc9c015b4245f2e8a2f3c04aea18abe47b62754a57383d,3214622d1df8a3c325dc9c015b4245f2e8a2f3c04aea18abe47b62754a57383d,3214622d1df8a3c325dc9c015b4245f2e8a2f3c04aea18abe47b62754a57383d,3214622d1df8a3c325dc9c015b4245f2e8a2f3c04aea18abe47b62754a57383d,1,1
accounting_upfront_runs_v0.5.csv.gz,7d2ec3d7601b42831d7659a67a4b53607668ba11da03a9e2a75d07d93e192a85,7d2ec3d7601b42831d7659a67a4b53607668ba11da03a9e2a75d07d93e192a85,6a3385a742793e51b76ccea9a41530a3ed4e0e503a22d9dd54abb69b20506691,6a3385a742793e51b76ccea9a41530a3ed4e0e503a22d9dd54abb69b20506691,1,1
competitiveness_rules_v0.5.md,6020769e276010366a8b2b39b8fc9e713e25155c96cf00500c148f4d151b2d15,6020769e276010366a8b2b39b8fc9e713e25155c96cf00500c148f4d151b2d15,6020769e276010366a8b2b39b8fc9e713e25155c96cf00500c148f4d151b2d15,6020769e276010366a8b2b39b8fc9e713e25155c96cf00500c148f4d151b2d15,1,1
dynamic_robustness_runs_v0.5.csv.gz,db17a2c20a62d04592d6f1c0645105ce46aea88539da06b43938d46bb59695a1,db17a2c20a62d04592d6f1c0645105ce46aea88539da06b43938d46bb59695a1,601bdc4f141bf1204c060d08b4cf9bdccb2644f12b66a4f5796f0545d6a11f53,601bdc4f141bf1204c060d08b4cf9bdccb2644f12b66a4f5796f0545d6a11f53,1,1
dynamic_robustness_summary_v0.5.csv,56df1855b9a3250bebd9a33d383e3b3952a5ba84842a3ea96451f469fb33c037,56df1855b9a3250bebd9a33d383e3b3952a5ba84842a3ea96451f469fb33c037,56df1855b9a3250bebd9a33d383e3b3952a5ba84842a3ea96451f469fb33c037,56df1855b9a3250bebd9a33d383e3b3952a5ba84842a3ea96451f469fb33c037,1,1
figure_process_robustness_v0.5.png,c3b6d507b965876d23a528bd3dd90e95424ade39b72397b9f8d19743cfd1477f,c3b6d507b965876d23a528bd3dd90e95424ade39b72397b9f8d19743cfd1477f,c3b6d507b965876d23a528bd3dd90e95424ade39b72397b9f8d19743cfd1477f,c3b6d507b965876d23a528bd3dd90e95424ade39b72397b9f8d19743cfd1477f,1,1
figure_r_star_by_network_v0.5.png,749608fcc2a07ffeb44acce51b2be7618007016d89cb89a85668e75e7a8aefb1,749608fcc2a07ffeb44acce51b2be7618007016d89cb89a85668e75e7a8aefb1,749608fcc2a07ffeb44acce51b2be7618007016d89cb89a85668e75e7a8aefb1,749608fcc2a07ffeb44acce51b2be7618007016d89cb89a85668e75e7a8aefb1,1,1
figure_r_star_profile_map_v0.5.png,b97093d865a45489c1ec84bd0f3a97783df1f8da10b5525887acc03b73e4ac9e,b97093d865a45489c1ec84bd0f3a97783df1f8da10b5525887acc03b73e4ac9e,b97093d865a45489c1ec84bd0f3a97783df1f8da10b5525887acc03b73e4ac9e,b97093d865a45489c1ec84bd0f3a97783df1f8da10b5525887acc03b73e4ac9e,1,1
figure_sensitivity_importance_v0.5.png,c5cceacfd6eb68d59a1944affd73f95c18a6e9130aadccc745dc5fd80371febc,c5cceacfd6eb68d59a1944affd73f95c18a6e9130aadccc745dc5fd80371febc,c5cceacfd6eb68d59a1944affd73f95c18a6e9130aadccc745dc5fd80371febc,c5cceacfd6eb68d59a1944affd73f95c18a6e9130aadccc745dc5fd80371febc,1,1
main_curve_summary_v0.5.csv,3285a7752329efc12955473057753848ada775394749b66df0bd4db99894e119,3285a7752329efc12955473057753848ada775394749b66df0bd4db99894e119,3285a7752329efc12955473057753848ada775394749b66df0bd4db99894e119,3285a7752329efc12955473057753848ada775394749b66df0bd4db99894e119,1,1
main_fixed_cost_1.20_runs_v0.5.csv.gz,160b0e66e1fc66e3afb28a110f4da6febe6501452e24b347cacaee9a12680db8,160b0e66e1fc66e3afb28a110f4da6febe6501452e24b347cacaee9a12680db8,297cb7584c434d7a3002b3a7608008ee6627c334b5164a2e0624c30f7eddd387,297cb7584c434d7a3002b3a7608008ee6627c334b5164a2e0624c30f7eddd387,1,1
main_fixed_cost_1.20_summary_v0.5.csv,a66b5dbf318d2d42af2e38eedbe4930513678b60f8f6929240c6b6bc7795eb5a,a66b5dbf318d2d42af2e38eedbe4930513678b60f8f6929240c6b6bc7795eb5a,a66b5dbf318d2d42af2e38eedbe4930513678b60f8f6929240c6b6bc7795eb5a,a66b5dbf318d2d42af2e38eedbe4930513678b60f8f6929240c6b6bc7795eb5a,1,1
main_paired_runs_v0.5.csv.gz,a7f73064b011ec1944dbc8cf8a8c5f2bae45a9f0e3e743b16406e49c2cce2cdd,a7f73064b011ec1944dbc8cf8a8c5f2bae45a9f0e3e743b16406e49c2cce2cdd,155842b830b5c6c349bb07b030a9a8e167be9f01f2e5811b798eb52e2df29027,155842b830b5c6c349bb07b030a9a8e167be9f01f2e5811b798eb52e2df29027,1,1
main_threshold_bootstrap_v0.5.csv,e0dfe782cd448d15eb589ce7969d682352bc0abd51dabfca7cd36bfb3b0953f3,e0dfe782cd448d15eb589ce7969d682352bc0abd51dabfca7cd36bfb3b0953f3,e0dfe782cd448d15eb589ce7969d682352bc0abd51dabfca7cd36bfb3b0953f3,e0dfe782cd448d15eb589ce7969d682352bc0abd51dabfca7cd36bfb3b0953f3,1,1
main_threshold_distribution_v0.5.json,b46e38a774d9b35cb586cbd1a4b12d3526ac7b73ee6077cdf27456d790678777,b46e38a774d9b35cb586cbd1a4b12d3526ac7b73ee6077cdf27456d790678777,b46e38a774d9b35cb586cbd1a4b12d3526ac7b73ee6077cdf27456d790678777,b46e38a774d9b35cb586cbd1a4b12d3526ac7b73ee6077cdf27456d790678777,1,1
main_thresholds_v0.5.csv,f682c44a55edf13ac3d294d2fc9cf317cb299cccb4c481d0537779811b6104a2,f682c44a55edf13ac3d294d2fc9cf317cb299cccb4c481d0537779811b6104a2,f682c44a55edf13ac3d294d2fc9cf317cb299cccb4c481d0537779811b6104a2,f682c44a55edf13ac3d294d2fc9cf317cb299cccb4c481d0537779811b6104a2,1,1
network_threshold_summary_v0.5.csv,9a169602a6a57a6b2f72336c8563057830e0091bc7fc776911513d796c6cd206,9a169602a6a57a6b2f72336c8563057830e0091bc7fc776911513d796c6cd206,9a169602a6a57a6b2f72336c8563057830e0091bc7fc776911513d796c6cd206,9a169602a6a57a6b2f72336c8563057830e0091bc7fc776911513d796c6cd206,1,1
pre_execution_registry_v0.5.json,74e216d4dd81b8f18a29da4891d26f2a15b2d69ffe72066b563c729ba10a5a28,74e216d4dd81b8f18a29da4891d26f2a15b2d69ffe72066b563c729ba10a5a28,74e216d4dd81b8f18a29da4891d26f2a15b2d69ffe72066b563c729ba10a5a28,74e216d4dd81b8f18a29da4891d26f2a15b2d69ffe72066b563c729ba10a5a28,1,1
process_robustness_curve_v0.5.csv,dd0f209dacfeb48a59bb4f25ef9001cbb3d12181a86844bbce5e43ebbdaca510,dd0f209dacfeb48a59bb4f25ef9001cbb3d12181a86844bbce5e43ebbdaca510,dd0f209dacfeb48a59bb4f25ef9001cbb3d12181a86844bbce5e43ebbdaca510,dd0f209dacfeb48a59bb4f25ef9001cbb3d12181a86844bbce5e43ebbdaca510,1,1
process_robustness_runs_v0.5.csv.gz,982f9bf28dc82696c945f0e6d3b2cd85416e8159f6f88108f5e1882913985cfa,982f9bf28dc82696c945f0e6d3b2cd85416e8159f6f88108f5e1882913985cfa,9b1a6d15226ee7ac0d78ffa3a4643d1498ecf871bdceaa50245eb1f8fca5cca1,9b1a6d15226ee7ac0d78ffa3a4643d1498ecf871bdceaa50245eb1f8fca5cca1,1,1
process_robustness_thresholds_v0.5.csv,fc0b510af498f9730e923a9b581c35e0ab2caf7d5d89afa29fd49d01b280ae7c,fc0b510af498f9730e923a9b581c35e0ab2caf7d5d89afa29fd49d01b280ae7c,fc0b510af498f9730e923a9b581c35e0ab2caf7d5d89afa29fd49d01b280ae7c,fc0b510af498f9730e923a9b581c35e0ab2caf7d5d89afa29fd49d01b280ae7c,1,1
registered_profiles_v0.5.csv,53cfa4aca48b6415a1704509f2a82c797a58f5d9dae6bd357eb3c6015ec4433d,53cfa4aca48b6415a1704509f2a82c797a58f5d9dae6bd357eb3c6015ec4433d,53cfa4aca48b6415a1704509f2a82c797a58f5d9dae6bd357eb3c6015ec4433d,53cfa4aca48b6415a1704509f2a82c797a58f5d9dae6bd357eb3c6015ec4433d,1,1
sensitivity_manifest_v0.5.json,956ad0d1af039974caaf87a4c899d05e31af17b5f0ee6c96552e13b09dc8792d,956ad0d1af039974caaf87a4c899d05e31af17b5f0ee6c96552e13b09dc8792d,956ad0d1af039974caaf87a4c899d05e31af17b5f0ee6c96552e13b09dc8792d,956ad0d1af039974caaf87a4c899d05e31af17b5f0ee6c96552e13b09dc8792d,1,1
sensitivity_permutation_importance_v0.5.csv,10ed2dc90edbadf5917a173a23e92a606efbf33ff676ed5e3f93acdaadde0fcc,10ed2dc90edbadf5917a173a23e92a606efbf33ff676ed5e3f93acdaadde0fcc,10ed2dc90edbadf5917a173a23e92a606efbf33ff676ed5e3f93acdaadde0fcc,10ed2dc90edbadf5917a173a23e92a606efbf33ff676ed5e3f93acdaadde0fcc,1,1
sensitivity_spearman_v0.5.csv,f4328678218543314ad8ff7af37d5f7390779ae56d324b8c131a20521b698400,f4328678218543314ad8ff7af37d5f7390779ae56d324b8c131a20521b698400,f4328678218543314ad8ff7af37d5f7390779ae56d324b8c131a20521b698400,f4328678218543314ad8ff7af37d5f7390779ae56d324b8c131a20521b698400,1,1
stopping_diagnostics_v0.5.json,8dfc1f989d48fabffe8d05d8eee745bfe56ed92b4e480aa385b58afbc8b98813,8dfc1f989d48fabffe8d05d8eee745bfe56ed92b4e480aa385b58afbc8b98813,8dfc1f989d48fabffe8d05d8eee745bfe56ed92b4e480aa385b58afbc8b98813,8dfc1f989d48fabffe8d05d8eee745bfe56ed92b4e480aa385b58afbc8b98813,1,1
structural_robustness_curve_v0.5.csv,e73ae9ba08a9a4d30c87c5801a6c8339ac27aa0e853f4088adbc0105ee76fce3,e73ae9ba08a9a4d30c87c5801a6c8339ac27aa0e853f4088adbc0105ee76fce3,e73ae9ba08a9a4d30c87c5801a6c8339ac27aa0e853f4088adbc0105ee76fce3,e73ae9ba08a9a4d30c87c5801a6c8339ac27aa0e853f4088adbc0105ee76fce3,1,1
structural_robustness_runs_v0.5.csv.gz,41efad5d5057c2afebfe4f62d98fd6040cbee622c0392b7c92024ee124fddc00,41efad5d5057c2afebfe4f62d98fd6040cbee622c0392b7c92024ee124fddc00,78e3d7fa3a6b8a241555d98894e8a892326afe720f23ceed5c6c4a8324148d3d,78e3d7fa3a6b8a241555d98894e8a892326afe720f23ceed5c6c4a8324148d3d,1,1
structural_robustness_thresholds_v0.5.csv,372f9b196904de23b66a2a0e47154f1397326ce3606ebe52ec569efa7d1c1100,372f9b196904de23b66a2a0e47154f1397326ce3606ebe52ec569efa7d1c1100,372f9b196904de23b66a2a0e47154f1397326ce3606ebe52ec569efa7d1c1100,372f9b196904de23b66a2a0e47154f1397326ce3606ebe52ec569efa7d1c1100,1,1
