sha256_registered_v04,file,sha256_packaged_v05,bytes,identical
6ac16adbf8ed42f9082c28524066883312f81b3b04aa0a4f8858a4747960e101,src/ena_abm/__init__.py,6ac16adbf8ed42f9082c28524066883312f81b3b04aa0a4f8858a4747960e101,258,1
6d8b7d7846a845059d7a3107143f11131f63c5511d669b44085b15ec5e3d2279,src/ena_abm/__main__.py,6d8b7d7846a845059d7a3107143f11131f63c5511d669b44085b15ec5e3d2279,30,1
cc0a5561893dc1e804661cc68d612ce2dabe7f1ecb2dbe65ed59c6e0abaf07bf,src/ena_abm/agents.py,cc0a5561893dc1e804661cc68d612ce2dabe7f1ecb2dbe65ed59c6e0abaf07bf,2275,1
336189aa4c3acb9faaba633f00ecb1cf5680aefa87913e312452bac8ac34abb1,src/ena_abm/analysis.py,336189aa4c3acb9faaba633f00ecb1cf5680aefa87913e312452bac8ac34abb1,6082,1
1d41d0b7dd0b53a8f27e5123cb8a2118e2598f8ca2ca59a26932cea0925cc46d,src/ena_abm/break_even.py,1d41d0b7dd0b53a8f27e5123cb8a2118e2598f8ca2ca59a26932cea0925cc46d,15929,1
a4c67eb5cee453a2f28593b525f558ffd7c04518fc50d9a3a4e4d21dc2e5c95b,src/ena_abm/cli.py,a4c67eb5cee453a2f28593b525f558ffd7c04518fc50d9a3a4e4d21dc2e5c95b,1585,1
50b6febf1a0a7b31ae743bb9316bf1a61a822d51961aff472148e635310c3827,src/ena_abm/config.py,50b6febf1a0a7b31ae743bb9316bf1a61a822d51961aff472148e635310c3827,6456,1
721ea4c7497f2b93050cd58bb4f3fb2ee9521d5f59c4011f2e59df67cbaba9b3,src/ena_abm/decision.py,721ea4c7497f2b93050cd58bb4f3fb2ee9521d5f59c4011f2e59df67cbaba9b3,1845,1
c060f403aab442e2e25a46517023254e5f8d83301ab0568be35f1ae5258d3a9e,src/ena_abm/events.py,c060f403aab442e2e25a46517023254e5f8d83301ab0568be35f1ae5258d3a9e,660,1
b1b5abf04297be8763180e8818f08f6216e800185737fe311141cf3fb7222fa6,src/ena_abm/experiments.py,b1b5abf04297be8763180e8818f08f6216e800185737fe311141cf3fb7222fa6,4185,1
bfc3a65f210f1861c59fb89cc3c324f9040ab76de5f5e91fd95bd2129aa4fb3f,src/ena_abm/model.py,bfc3a65f210f1861c59fb89cc3c324f9040ab76de5f5e91fd95bd2129aa4fb3f,40884,1
86dd02599b11be734cb9bf8bf5d7aee8123caf518cf7ac307edb9535b2e4e83f,src/ena_abm/network.py,86dd02599b11be734cb9bf8bf5d7aee8123caf518cf7ac307edb9535b2e4e83f,6816,1
7ca1ba1527e58d24cdacb02a7c998dfd29f073e030c1a98ea7bac06e2e62ab5a,src/ena_abm/rng.py,7ca1ba1527e58d24cdacb02a7c998dfd29f073e030c1a98ea7bac06e2e62ab5a,562,1
90a037a0622ba735177be36605405af53c3f6043a2dd76de4c41d06462a73f10,src/ena_abm/strategies.py,90a037a0622ba735177be36605405af53c3f6043a2dd76de4c41d06462a73f10,3058,1
490e584b36b2f9e1d567b9a00e2db89ce69cec03ce2e6cc71b1d9f29db6e601f,src/ena_abm/validation.py,490e584b36b2f9e1d567b9a00e2db89ce69cec03ce2e6cc71b1d9f29db6e601f,28352,1
