parameter,finite_profiles,spearman_rho,two_sided_p_value_descriptive_only
market_sociality,91,0.6213563162027587,4.968822784617607e-11
fit_mean,91,0.045797130516714975,0.6664220181641346
status_mean,91,0.1290170130554482,0.22290810928174926
uncertainty_mean,91,0.3245535118825347,0.0016971671961809366
beta_0,91,-0.20629664828851108,0.04977430962221183
beta_individual,91,-0.06799447255174368,0.5219118230341401
beta_social,91,0.48738238036171033,9.607128035502416e-07
budget_limit,91,-0.14329747148447824,0.1753924719586933
seed_adopters,91,-0.20398596466396252,0.05244696722970913
