encoded_parameter,importance_mean_r2_decrease,importance_sd
continuous__beta_social,0.359990234702588,0.05698887574045401
continuous__uncertainty_mean,0.3503067353993112,0.05998571614408681
continuous__market_sociality,0.33588658317324066,0.05632349478040076
continuous__seed_adopters,0.008760499472149026,0.003465587304210693
continuous__beta_individual,0.006651336830147504,0.0016320846706851663
continuous__status_mean,0.006425944732277609,0.0016044178876710904
continuous__beta_0,0.005349570433343831,0.0011389199721379174
network__network_type_small_world,0.004601581607610971,0.001568207107348047
continuous__fit_mean,0.003304992542538885,0.0007106522020521451
continuous__budget_limit,0.0019154349197581778,0.000637510099883221
network__network_type_preferential_attachment,0.00027600284782800633,0.00013463209072216563
network__network_type_ring,2.755324963749306e-05,5.087283882285527e-05
