parameter,finite_profiles,spearman_rho,two_sided_p_value_descriptive_only,parameter_label,absolute_rho
market_sociality,91,0.6213563162027587,4.968822784617607e-11,Market sociality,0.6213563162027587
beta_social,91,0.4873823803617103,9.607128035502416e-07,Social-influence coefficient,0.4873823803617103
uncertainty_mean,91,0.3245535118825347,0.0016971671961809,Mean initial uncertainty,0.3245535118825347
beta_0,91,-0.206296648288511,0.0497743096222118,Adoption intercept,0.206296648288511
seed_adopters,91,-0.2039859646639625,0.0524469672297091,Initial seed adopters,0.2039859646639625
budget_limit,91,-0.1432974714844782,0.1753924719586933,Allocated budget,0.1432974714844782
status_mean,91,0.1290170130554482,0.2229081092817492,Mean status-quo satisfaction,0.1290170130554482
beta_individual,91,-0.0679944725517436,0.5219118230341401,Individual-fit coefficient,0.0679944725517436
fit_mean,91,0.0457971305167149,0.6664220181641346,Mean product fit,0.0457971305167149
